authority,taxType,formula,startDate,endDate,maximumWage,taxRate,minimumWage
00000000 - FEDERAL,003 - EMPLOYEE SOCIAL SECURITY TAX,1,20200101,0,137700,0.06,0
00000000 - FEDERAL,004 - EMPLOYER SOCIAL SECURITY TAX,1,20200101,0,137700,0.06,0
00000000 - FEDERAL,005 - EMPLOYEE MEDICARE TAX,1,19940101,0,0,0.01,0
00000000 - FEDERAL,006 - EMPLOYER MEDICARE TAX,1,20130101,0,0,0.01,0
00000000 - FEDERAL,010 - EMPLOYER UNEMPLOYMENT TAX,1,20200101,0,7000,0.01,0
00000000 - FEDERAL,010 - EMPLOYER UNEMPLOYMENT TAX,2,20200101,0,1655,0.01,0
00000000 - FEDERAL,055 - EMPLOYEE RAILROAD RTMT TIER1 SOC S,1,20200101,0,137700,0.06,0
00000000 - FEDERAL,056 - EMPLOYEE RAILROAD RTMT TIER2 SOC S,1,20200101,0,102300,0.05,0
00000000 - FEDERAL,057 - EMPLOYER RAILROAD RTMT TIER1 SOC S,1,20200101,0,137700,0.06,0
00000000 - FEDERAL,058 - EMPLOYER RAILROAD RTMT TIER2 SOC S,1,20200101,0,102300,0.13,0
00000000 - FEDERAL,059 - EMPLOYEE RAILROAD RTMT TIER1 MEDIC,1,19950101,0,0,0.01,0
00000000 - FEDERAL,060 - EMPLOYER RAILROAD RTMT TIER1 MEDIC,1,20130101,0,0,0.01,0
00000000 - FEDERAL,204 - ER EMPLOYEE RETENTION CREDIT,1,20200313,0,10000,0.5,0
00000000 - FEDERAL,206 - ER SOCIAL SECURITY TAX PMT DEFERRAL,1,20200327,0,137700,0.06,0
00000000 - FEDERAL,206 - ER SOCIAL SECURITY TAX PMT DEFERRAL,2,20200327,0,137700,0.06,0
00000000 - FEDERAL,206 - ER SOCIAL SECURITY TAX PMT DEFERRAL,3,20200327,0,102300,0.13,0
00010000 - ALABAMA,010 - EMPLOYER UNEMPLOYMENT TAX,1,20130101,0,8000,0.03,0
00010000 - ALABAMA,010 - EMPLOYER UNEMPLOYMENT TAX,2,20130101,0,8000,0.03,0
00010000 - ALABAMA,013 - ER EMPLMT SECURITY ENHANCMT TX,1,20130101,0,8000,0,0
00010000 - ALABAMA,013 - ER EMPLMT SECURITY ENHANCMT TX,2,20130101,0,8000,0,0
00010000 - ALABAMA,061 - EMPLOYEE RETIREMENT PLAN-S.S,1,20130101,0,0,0.01,0
00010000 - ALABAMA,062 - EMPLOYEE RETIREMENT PLAN-MED.,1,20130101,0,0,0.01,0
00010000 - ALABAMA,063 - EMPLOYER RETIREMENT PLAN-S.S,1,20130101,0,0,0.01,0
00010000 - ALABAMA,064 - EMPLOYER RETIREMENT PLAN-MED.,1,20130101,0,0,0.01,0
00010005 - GOODWATER,051 - EMPLOYEE OCCUPATION TAX,1,19860401,0,20000,0.01,0
00010009 - MOUNTAIN BROOK,051 - EMPLOYEE OCCUPATION TAX,1,20010101,20051231,100000,0,0
00020000 - ALASKA,010 - EMPLOYER UNEMPLOYMENT TAX,1,20200101,0,41500,0.02,0
00020000 - ALASKA,010 - EMPLOYER UNEMPLOYMENT TAX,2,20200101,0,41500,0.02,0
00020000 - ALASKA,020 - EMPLOYEE UNEMPLOYMENT TAX,1,20200101,0,41500,0,0
00020000 - ALASKA,020 - EMPLOYEE UNEMPLOYMENT TAX,2,20200101,0,41500,0,0
00020000 - ALASKA,061 - EMPLOYEE RETIREMENT PLAN-S.S,1,20130101,0,0,0.01,0
00020000 - ALASKA,062 - EMPLOYEE RETIREMENT PLAN-MED.,1,20130101,0,0,0.01,0
00020000 - ALASKA,063 - EMPLOYER RETIREMENT PLAN-S.S,1,20130101,0,0,0.01,0
00020000 - ALASKA,064 - EMPLOYER RETIREMENT PLAN-MED.,1,20130101,0,0,0.01,0
00040000 - ARIZONA,010 - EMPLOYER UNEMPLOYMENT TAX,1,20130101,0,7000,0.02,0
00040000 - ARIZONA,010 - EMPLOYER UNEMPLOYMENT TAX,2,20130101,0,7000,0.02,0
00040000 - ARIZONA,011 - EMPLOYER DEBT REPAYMENT TAX,1,20130101,20121231,7000,0,0
00040000 - ARIZONA,016 - EMPLOYMENT TRAINING TAX,1,20130101,20151231,7000,0,0
00040000 - ARIZONA,016 - EMPLOYMENT TRAINING TAX,2,20130101,20151231,7000,0,0
00040000 - ARIZONA,061 - EMPLOYEE RETIREMENT PLAN-S.S,1,20130101,0,0,0.01,0
00040000 - ARIZONA,062 - EMPLOYEE RETIREMENT PLAN-MED.,1,20130101,0,0,0.01,0
00040000 - ARIZONA,063 - EMPLOYER RETIREMENT PLAN-S.S,1,20130101,0,0,0.01,0
00040000 - ARIZONA,064 - EMPLOYER RETIREMENT PLAN-MED.,1,20130101,0,0,0.01,0
00040000 - ARIZONA,089 - UI INTEREST ASSESSMENT FEE,1,20130101,0,7000,0,0
00040000 - ARIZONA,089 - UI INTEREST ASSESSMENT FEE,2,20130101,0,7000,0,0
00050000 - ARKANSAS,010 - EMPLOYER UNEMPLOYMENT TAX,1,20200101,0,7000,0.03,0
00050000 - ARKANSAS,010 - EMPLOYER UNEMPLOYMENT TAX,2,20200101,0,7000,0.03,0
00050000 - ARKANSAS,011 - EMPLOYER DEBT REPAYMENT TAX,1,20140101,20131231,7000,0,0
00050000 - ARKANSAS,061 - EMPLOYEE RETIREMENT PLAN-S.S,1,20130101,0,0,0.01,0
00050000 - ARKANSAS,062 - EMPLOYEE RETIREMENT PLAN-MED.,1,20130101,0,0,0.01,0
00050000 - ARKANSAS,063 - EMPLOYER RETIREMENT PLAN-S.S,1,20130101,0,0,0.01,0
00050000 - ARKANSAS,064 - EMPLOYER RETIREMENT PLAN-MED.,1,20130101,0,0,0.01,0
00060000 - CALIFORNIA,010 - EMPLOYER UNEMPLOYMENT TAX,1,20130102,0,7000,0.03,0
00060000 - CALIFORNIA,010 - EMPLOYER UNEMPLOYMENT TAX,2,20130102,0,7000,0.03,0
00060000 - CALIFORNIA,011 - EMPLOYER DEBT REPAYMENT TAX,1,20190101,20181231,7000,0,0
00060000 - CALIFORNIA,016 - EMPLOYMENT TRAINING TAX,1,20130102,0,7000,0,0
00060000 - CALIFORNIA,016 - EMPLOYMENT TRAINING TAX,2,20130102,0,7000,0,0
00060000 - CALIFORNIA,041 - EMPLOYEE DISABILITY TAX,1,20200102,0,122909,0.01,0
00060000 - CALIFORNIA,041 - EMPLOYEE DISABILITY TAX,2,20200102,0,122909,0.01,0
00060000 - CALIFORNIA,048 - EMPLOYEE VOLUNTARY DISABILITY TAX,1,20200102,0,122909,0.01,0
00060000 - CALIFORNIA,048 - EMPLOYEE VOLUNTARY DISABILITY TAX,2,20200102,0,122909,0.01,0
00060000 - CALIFORNIA,061 - EMPLOYEE RETIREMENT PLAN-S.S,1,20130101,0,0,0.01,0
00060000 - CALIFORNIA,062 - EMPLOYEE RETIREMENT PLAN-MED.,1,20130101,0,0,0.01,0
00060000 - CALIFORNIA,063 - EMPLOYER RETIREMENT PLAN-S.S,1,20130101,0,0,0.01,0
00060000 - CALIFORNIA,064 - EMPLOYER RETIREMENT PLAN-MED.,1,20130101,0,0,0.01,0
00060000 - CALIFORNIA,077 - EMPLOYER VOLUNTARY DISABILITY TAX,1,20200102,0,122909,0,0
00060000 - CALIFORNIA,077 - EMPLOYER VOLUNTARY DISABILITY TAX,2,20200102,0,122909,0,0
00060000 - CALIFORNIA,081 - DISABILITY INSURANCE VP ASMENT TAX,1,20200102,0,122909,0,0
00080000 - COLORADO,010 - EMPLOYER UNEMPLOYMENT TAX,1,20200101,0,13600,0.02,0
00080000 - COLORADO,010 - EMPLOYER UNEMPLOYMENT TAX,2,20200101,0,13600,0.02,0
00080000 - COLORADO,061 - EMPLOYEE RETIREMENT PLAN-S.S,1,20130101,0,0,0.01,0
00080000 - COLORADO,062 - EMPLOYEE RETIREMENT PLAN-MED.,1,20130101,20100101,0,0.01,0
00080000 - COLORADO,063 - EMPLOYER RETIREMENT PLAN-S.S,1,20130101,0,0,0.01,0
00080000 - COLORADO,064 - EMPLOYER RETIREMENT PLAN-MED.,1,20130101,20100101,0,0.01,0
00080000 - COLORADO,068 - P.E.R.S. - S.S. - EMPLOYER PICK-UP,1,20100101,0,0,0.01,0
00080000 - COLORADO,069 - P.E.R.S. - MED. - EMPLOYER PICK-UP,1,20100102,20100101,0,0,0
00080000 - COLORADO,078 - UNEMPLOYMENT SURCHARGE TAX,1,20200101,0,13600,0,0
00080000 - COLORADO,078 - UNEMPLOYMENT SURCHARGE TAX,2,20200101,0,13600,0,0
00080000 - COLORADO,082 - UNEMPLOYMENT SOLVENCY TAX SURCHARGE,1,20200101,0,13600,0,0
00080000 - COLORADO,082 - UNEMPLOYMENT SOLVENCY TAX SURCHARGE,2,20200101,0,13600,0,0
00090000 - CONNECTICUT,010 - EMPLOYER UNEMPLOYMENT TAX,1,20200101,0,15000,0.03,0
00090000 - CONNECTICUT,010 - EMPLOYER UNEMPLOYMENT TAX,2,20200101,0,15000,0.03,0
00090000 - CONNECTICUT,011 - EMPLOYER DEBT REPAYMENT TAX,1,20160101,20161231,7000,0,0
00090000 - CONNECTICUT,061 - EMPLOYEE RETIREMENT PLAN-S.S,1,20130101,0,0,0.01,0
00090000 - CONNECTICUT,062 - EMPLOYEE RETIREMENT PLAN-MED.,1,20130101,0,0,0.01,0
00090000 - CONNECTICUT,063 - EMPLOYER RETIREMENT PLAN-S.S,1,20130101,0,0,0.01,0
00090000 - CONNECTICUT,064 - EMPLOYER RETIREMENT PLAN-MED.,1,20130101,0,0,0.01,0
00100000 - DELAWARE,010 - EMPLOYER UNEMPLOYMENT TAX,1,20200101,0,16500,0.02,0
00100000 - DELAWARE,010 - EMPLOYER UNEMPLOYMENT TAX,2,20200101,0,16500,0.02,0
00100000 - DELAWARE,011 - EMPLOYER DEBT REPAYMENT TAX,1,20140101,20131231,7000,0,0
00100000 - DELAWARE,016 - EMPLOYMENT TRAINING TAX,1,20180101,0,16500,0,0
00100000 - DELAWARE,016 - EMPLOYMENT TRAINING TAX,2,20180101,0,16500,0,0
00100000 - DELAWARE,061 - EMPLOYEE RETIREMENT PLAN-S.S,1,20130101,0,0,0.01,0
00100000 - DELAWARE,062 - EMPLOYEE RETIREMENT PLAN-MED.,1,20130101,0,0,0.01,0
00100000 - DELAWARE,063 - EMPLOYER RETIREMENT PLAN-S.S,1,20130101,0,0,0.01,0
00100000 - DELAWARE,064 - EMPLOYER RETIREMENT PLAN-MED.,1,20130101,0,0,0.01,0
00110000 - DISTRICT OF COLUMBIA,010 - EMPLOYER UNEMPLOYMENT TAX,1,20130101,0,9000,0.03,0
00110000 - DISTRICT OF COLUMBIA,010 - EMPLOYER UNEMPLOYMENT TAX,2,20130101,0,9000,0.03,0
00110000 - DISTRICT OF COLUMBIA,015 - ER JOB DEVMT ASSESSMT TX,1,20130101,0,9000,0,0
00110000 - DISTRICT OF COLUMBIA,015 - ER JOB DEVMT ASSESSMT TX,2,20130101,0,9000,0,0
00110000 - DISTRICT OF COLUMBIA,098 - EMPLOYER FAMILY LEAVE INSURANCE TAX,1,20190401,0,1000000000,0.01,0
00120000 - FLORIDA,010 - EMPLOYER UNEMPLOYMENT TAX,1,20150101,0,7000,0.03,0
00120000 - FLORIDA,010 - EMPLOYER UNEMPLOYMENT TAX,2,20150101,0,7000,0.03,0
00120000 - FLORIDA,011 - EMPLOYER DEBT REPAYMENT TAX,1,20130101,20121231,7000,0,0
00120000 - FLORIDA,061 - EMPLOYEE RETIREMENT PLAN-S.S,1,20130101,0,0,0.01,0
00120000 - FLORIDA,062 - EMPLOYEE RETIREMENT PLAN-MED.,1,20130101,0,0,0.01,0
00120000 - FLORIDA,063 - EMPLOYER RETIREMENT PLAN-S.S,1,20130101,0,0,0.01,0
00120000 - FLORIDA,064 - EMPLOYER RETIREMENT PLAN-MED.,1,20130101,0,0,0.01,0
00130000 - GEORGIA,010 - EMPLOYER UNEMPLOYMENT TAX,1,20170101,0,9500,0.03,0
00130000 - GEORGIA,010 - EMPLOYER UNEMPLOYMENT TAX,2,20170101,0,9500,0.03,0
00130000 - GEORGIA,011 - EMPLOYER DEBT REPAYMENT TAX,1,20140101,20131231,7000,0,0
00130000 - GEORGIA,015 - ER JOB DEVMT ASSESSMT TX,1,20170101,0,9500,0,0
00130000 - GEORGIA,015 - ER JOB DEVMT ASSESSMT TX,2,20170101,0,9500,0,0
00130000 - GEORGIA,061 - EMPLOYEE RETIREMENT PLAN-S.S,1,20130101,0,0,0.01,0
00130000 - GEORGIA,062 - EMPLOYEE RETIREMENT PLAN-MED.,1,20130101,0,0,0.01,0
00130000 - GEORGIA,063 - EMPLOYER RETIREMENT PLAN-S.S,1,20130101,0,0,0.01,0
00130000 - GEORGIA,064 - EMPLOYER RETIREMENT PLAN-MED.,1,20130101,0,0,0.01,0
00150000 - HAWAII,010 - EMPLOYER UNEMPLOYMENT TAX,1,20200101,0,48100,0.02,0
00150000 - HAWAII,010 - EMPLOYER UNEMPLOYMENT TAX,2,20200101,0,48100,0.02,0
00150000 - HAWAII,016 - EMPLOYMENT TRAINING TAX,1,20200101,0,48100,0,0
00150000 - HAWAII,016 - EMPLOYMENT TRAINING TAX,2,20200101,0,48100,0,0
00150000 - HAWAII,061 - EMPLOYEE RETIREMENT PLAN-S.S,1,20130101,0,0,0.01,0
00150000 - HAWAII,062 - EMPLOYEE RETIREMENT PLAN-MED.,1,20130101,0,0,0.01,0
00150000 - HAWAII,063 - EMPLOYER RETIREMENT PLAN-S.S,1,20130101,0,0,0.01,0
00150000 - HAWAII,064 - EMPLOYER RETIREMENT PLAN-MED.,1,20130101,0,0,0.01,0
00160000 - IDAHO,010 - EMPLOYER UNEMPLOYMENT TAX,1,20200101,0,41600,0.01,0
00160000 - IDAHO,010 - EMPLOYER UNEMPLOYMENT TAX,2,20200101,0,41600,0.01,0
00160000 - IDAHO,018 - EMPLOYER WORKFORCE DEVLMT TX,1,20200101,0,41600,0,0
00160000 - IDAHO,018 - EMPLOYER WORKFORCE DEVLMT TX,2,20200101,0,41600,0,0
00160000 - IDAHO,029 - SPECIAL ADMIN RESERVE FUND TAX,1,20200101,0,41600,0,0
00160000 - IDAHO,029 - SPECIAL ADMIN RESERVE FUND TAX,2,20200101,0,41600,0,0
00160000 - IDAHO,061 - EMPLOYEE RETIREMENT PLAN-S.S,1,20130101,0,0,0.01,0
00160000 - IDAHO,062 - EMPLOYEE RETIREMENT PLAN-MED.,1,20130101,0,0,0.01,0
00160000 - IDAHO,063 - EMPLOYER RETIREMENT PLAN-S.S,1,20130101,0,0,0.01,0
00160000 - IDAHO,064 - EMPLOYER RETIREMENT PLAN-MED.,1,20130101,0,0,0.01,0
00170000 - ILLINOIS,010 - EMPLOYER UNEMPLOYMENT TAX,1,20200101,0,12740,0.03,0
00170000 - ILLINOIS,010 - EMPLOYER UNEMPLOYMENT TAX,2,20200101,0,12740,0.03,0
00170000 - ILLINOIS,011 - EMPLOYER DEBT REPAYMENT TAX,1,20130101,20111231,7000,0,0
00170000 - ILLINOIS,061 - EMPLOYEE RETIREMENT PLAN-S.S,1,20130101,0,0,0.01,0
00170000 - ILLINOIS,062 - EMPLOYEE RETIREMENT PLAN-MED.,1,20130101,0,0,0.01,0
00170000 - ILLINOIS,063 - EMPLOYER RETIREMENT PLAN-S.S,1,20130101,0,0,0.01,0
00170000 - ILLINOIS,064 - EMPLOYER RETIREMENT PLAN-MED.,1,20130101,0,0,0.01,0
00180000 - INDIANA,010 - EMPLOYER UNEMPLOYMENT TAX,1,20130101,0,9500,0.02,0
00180000 - INDIANA,010 - EMPLOYER UNEMPLOYMENT TAX,2,20130101,0,9500,0.02,0
00180000 - INDIANA,011 - EMPLOYER DEBT REPAYMENT TAX,1,20150101,20151231,7000,0,0
00180000 - INDIANA,061 - EMPLOYEE RETIREMENT PLAN-S.S,1,20130101,0,0,0.01,0
00180000 - INDIANA,062 - EMPLOYEE RETIREMENT PLAN-MED.,1,20130101,0,0,0.01,0
00180000 - INDIANA,063 - EMPLOYER RETIREMENT PLAN-S.S,1,20130101,0,0,0.01,0
00180000 - INDIANA,064 - EMPLOYER RETIREMENT PLAN-MED.,1,20130101,0,0,0.01,0
00190000 - IOWA,010 - EMPLOYER UNEMPLOYMENT TAX,1,20200101,0,31600,0.01,0
00190000 - IOWA,010 - EMPLOYER UNEMPLOYMENT TAX,2,20200101,0,31600,0.01,0
00190000 - IOWA,015 - ER JOB DEVMT ASSESSMT TX,1,20030101,20031231,19200,0,0
00190000 - IOWA,029 - SPECIAL ADMIN RESERVE FUND TAX,1,20200101,0,31600,0,0
00190000 - IOWA,029 - SPECIAL ADMIN RESERVE FUND TAX,2,20200101,0,31600,0,0
00190000 - IOWA,061 - EMPLOYEE RETIREMENT PLAN-S.S,1,20130101,0,0,0.01,0
00190000 - IOWA,062 - EMPLOYEE RETIREMENT PLAN-MED.,1,20130101,0,0,0.01,0
00190000 - IOWA,063 - EMPLOYER RETIREMENT PLAN-S.S,1,20130101,0,0,0.01,0
00190000 - IOWA,064 - EMPLOYER RETIREMENT PLAN-MED.,1,20130101,0,0,0.01,0
00200000 - KANSAS,010 - EMPLOYER UNEMPLOYMENT TAX,1,20160101,0,14000,0.03,0
00200000 - KANSAS,010 - EMPLOYER UNEMPLOYMENT TAX,2,20160101,0,14000,0.03,0
00200000 - KANSAS,010 - EMPLOYER UNEMPLOYMENT TAX,3,20160101,0,0,0,0
00200000 - KANSAS,010 - EMPLOYER UNEMPLOYMENT TAX,4,20160101,0,0,0,0
00200000 - KANSAS,061 - EMPLOYEE RETIREMENT PLAN-S.S,1,20130101,0,0,0.01,0
00200000 - KANSAS,062 - EMPLOYEE RETIREMENT PLAN-MED.,1,20130101,0,0,0.01,0
00200000 - KANSAS,063 - EMPLOYER RETIREMENT PLAN-S.S,1,20130101,0,0,0.01,0
00200000 - KANSAS,064 - EMPLOYER RETIREMENT PLAN-MED.,1,20130101,0,0,0.01,0
00210000 - KENTUCKY,009 - EMPLOYER SPECIAL PAYROLL TAX,1,19990101,20011231,8000,0,0
00210000 - KENTUCKY,010 - EMPLOYER UNEMPLOYMENT TAX,1,20200101,0,10800,0.03,0
00210000 - KENTUCKY,010 - EMPLOYER UNEMPLOYMENT TAX,2,20200101,0,10800,0.03,0
00210000 - KENTUCKY,011 - EMPLOYER DEBT REPAYMENT TAX,1,20150101,20151231,7000,0,0
00210000 - KENTUCKY,061 - EMPLOYEE RETIREMENT PLAN-S.S,1,20130101,0,0,0.01,0
00210000 - KENTUCKY,062 - EMPLOYEE RETIREMENT PLAN-MED.,1,20130101,0,0,0.01,0
00210000 - KENTUCKY,063 - EMPLOYER RETIREMENT PLAN-S.S,1,20130101,0,0,0.01,0
00210000 - KENTUCKY,064 - EMPLOYER RETIREMENT PLAN-MED.,1,20130101,0,0,0.01,0
00210000 - KENTUCKY,078 - UNEMPLOYMENT SURCHARGE TAX,1,20200101,0,10800,0,0
00210000 - KENTUCKY,078 - UNEMPLOYMENT SURCHARGE TAX,2,20200101,0,10800,0,0
00210002 - BOONE,044 - EE MENTAL HEALTH TAX,1,19870401,0,16666,0,0
00210002 - BOONE,051 - EMPLOYEE OCCUPATION TAX,1,20200101,0,63136,0.01,0
00210005 - CAMPBELL,045 - EMPLOYEE SENIOR CITIZEN TAX,1,20050101,0,38667,0,0
00210005 - CAMPBELL,046 - EMPLOYEE MENTAL HEALTH TAX,1,20050101,0,38667,0,0
00210005 - CAMPBELL,049 - EE SEN CIT/MNTAL HLT/TRANSP TX,1,20050101,0,38667,0.01,0
00210005 - CAMPBELL,050 - EMPLOYEE TRANSPORTATION TAX,1,20050101,0,38667,0.01,0
00210006 - CARROLL,051 - EMPLOYEE OCCUPATION TAX,1,20180101,0,5005000,0.01,5000
00210007 - CLARK,051 - EMPLOYEE OCCUPATION TAX,1,19920101,0,0,0.01,0
00210008 - CUMBERLAND,051 - EMPLOYEE OCCUPATION TAX,1,20111001,0,60000,0.01,0
00210008 - CUMBERLAND,053 - EMPLOYEE SCHOOL TAX,1,19920101,0,100000,0,0
00210015 - KENTON,051 - EMPLOYEE OCCUPATION TAX,1,20010101,0,80400,0.01,0
00210019 - MARSHALL,051 - EMPLOYEE OCCUPATION TAX,1,20170101,0,6500000,0.01,0
00210022 - MONTGOMERY,051 - EMPLOYEE OCCUPATION TAX,1,20190701,0,0,0.02,10000
00210023 - NELSON,051 - EMPLOYEE OCCUPATION TAX,1,19920101,0,15000,0,0
00210025 - POWELL,051 - EMPLOYEE OCCUPATION TAX,1,19920101,0,30000,0.01,0
00210028 - SCOTT,051 - EMPLOYEE OCCUPATION TAX,1,19920102,0,0,0.01,10000
00210032 - ESTILL,051 - EMPLOYEE OCCUPATION TAX,1,19920101,0,46666,0.01,0
00210042 - RUSSELL,051 - EMPLOYEE OCCUPATION TAX,1,20170101,0,333333.33,0.01,0
00210203 - AUGUSTA,051 - EMPLOYEE OCCUPATION TAX,1,20170101,0,72000,0.01,0
00210209 - BURKESVILLE,051 - EMPLOYEE OCCUPATION TAX,1,20150101,0,37500,0.02,0
00210213 - COVINGTON,051 - EMPLOYEE OCCUPATION TAX,1,20200101,0,137700,0.02,0
00210214 - CRESCENT SPRINGS,051 - EMPLOYEE OCCUPATION TAX,1,19950101,0,61200,0.01,0
00210215 - CRESTVIEW HILLS,051 - EMPLOYEE OCCUPATION TAX,1,20200101,0,137700,0.01,0
00210226 - FLORENCE,051 - EMPLOYEE OCCUPATION TAX,1,20200101,0,137700,0.02,0
00210229 - FORT WRIGHT,051 - EMPLOYEE OCCUPATION TAX,1,20200101,0,137700,0.01,0
00210231 - FRANKLIN,051 - EMPLOYEE OCCUPATION TAX,1,20150101,0,118500,0.01,0
00210234 - GEORGETOWN,051 - EMPLOYEE OCCUPATION TAX,1,19920102,0,0,0.01,10000
00210237 - HAZARD,051 - EMPLOYEE OCCUPATION TAX,1,19990701,0,60000,0.01,0
00210241 - JACKSON,051 - EMPLOYEE OCCUPATION TAX,1,20200101,0,137700,0.02,0
00210242 - JAMESTOWN,051 - EMPLOYEE OCCUPATION TAX,1,20020101,0,40000,0.01,0
00210258 - NEWPORT,051 - EMPLOYEE OCCUPATION TAX,1,20200101,0,137700,0.02,0
00210264 - PARK HILLS,051 - EMPLOYEE OCCUPATION TAX,1,20101001,0,50000,0.01,0
00210284 - WILDER,051 - EMPLOYEE OCCUPATION TAX,1,20200101,0,137700,0.02,0
00210287 - CALVERT,051 - EMPLOYEE OCCUPATION TAX,1,20010101,0,3000000,0,0
00210295 - COLD SPRING,051 - EMPLOYEE OCCUPATION TAX,1,20200101,0,137700,0.01,0
00210307 - ALEXANDRIA,051 - EMPLOYEE OCCUPATION TAX,1,20200101,0,137700,0.01,0
00210317 - HIGHLAND HEIGHTS,051 - EMPLOYEE OCCUPATION TAX,1,20200101,0,137700,0.01,0
00210318 - CAMARGO,051 - EMPLOYEE OCCUPATION TAX,1,19900701,0,0,0.01,10000
00210319 - HODGENVILLE,051 - EMPLOYEE OCCUPATION TAX,1,20000701,0,75000,0.01,5000
00210325 - MCLEAN,051 - EMPLOYEE OCCUPATION TAX,1,20000701,0,50000,0.01,0
00210327 - CLINTON,051 - EMPLOYEE OCCUPATION TAX,1,20000701,0,40000,0,0
00210332 - SIMPSON,051 - EMPLOYEE OCCUPATION TAX,1,20190101,0,132900,0.01,0
00210342 - BARDSTOWN,051 - EMPLOYEE OCCUPATION TAX,1,20120101,0,100000,0,0
00210359 - WEST POINT,051 - EMPLOYEE OCCUPATION TAX,1,20120813,0,50000,0.01,0
00210363 - HICKMAN,051 - EMPLOYEE OCCUPATION TAX,1,20070401,0,75000,0.01,0
00210372 - ROCKCASTLE,051 - EMPLOYEE OCCUPATION TAX,1,20080702,0,0,0.01,4000
00210396 - HOPKINS,051 - EMPLOYEE OCCUPATION TAX,1,20160101,0,500000,0,0
00220000 - LOUISIANA,008 - SOCIAL CHARGE TAX,1,20130101,0,7700,0.01,0
00220000 - LOUISIANA,008 - SOCIAL CHARGE TAX,2,20130101,0,7700,0.01,0
00220000 - LOUISIANA,010 - EMPLOYER UNEMPLOYMENT TAX,1,20130101,0,7700,0,0
00220000 - LOUISIANA,010 - EMPLOYER UNEMPLOYMENT TAX,2,20130101,0,7700,0,0
00220000 - LOUISIANA,061 - EMPLOYEE RETIREMENT PLAN-S.S,1,20130101,0,0,0.01,0
00220000 - LOUISIANA,062 - EMPLOYEE RETIREMENT PLAN-MED.,1,20130101,0,0,0.01,0
00220000 - LOUISIANA,063 - EMPLOYER RETIREMENT PLAN-S.S,1,20130101,0,0,0.01,0
00220000 - LOUISIANA,064 - EMPLOYER RETIREMENT PLAN-MED.,1,20130101,0,0,0.01,0
00230000 - MAINE,010 - EMPLOYER UNEMPLOYMENT TAX,1,20200101,0,12000,0.02,0
00230000 - MAINE,010 - EMPLOYER UNEMPLOYMENT TAX,2,20200101,0,12000,0.02,0
00230000 - MAINE,061 - EMPLOYEE RETIREMENT PLAN-S.S,1,20130101,0,0,0.01,0
00230000 - MAINE,062 - EMPLOYEE RETIREMENT PLAN-MED.,1,20130101,20121231,0,0.01,0
00230000 - MAINE,063 - EMPLOYER RETIREMENT PLAN-S.S,1,20130101,0,0,0.01,0
00230000 - MAINE,064 - EMPLOYER RETIREMENT PLAN-MED.,1,20130101,20121231,0,0.01,0
00230000 - MAINE,068 - P.E.R.S. - S.S. - EMPLOYER PICK-UP,1,20100101,0,0,0.01,0
00230000 - MAINE,085 - COMPETITIVENESS SKILLS SCHLR FUND,1,20130101,0,12000,0,0
00230000 - MAINE,085 - COMPETITIVENESS SKILLS SCHLR FUND,2,20130101,0,12000,0,0
00240000 - MARYLAND,010 - EMPLOYER UNEMPLOYMENT TAX,1,20130101,0,8500,0.03,0
00240000 - MARYLAND,010 - EMPLOYER UNEMPLOYMENT TAX,2,20130101,0,8500,0.03,0
00240000 - MARYLAND,061 - EMPLOYEE RETIREMENT PLAN-S.S,1,20130101,0,0,0.01,0
00240000 - MARYLAND,062 - EMPLOYEE RETIREMENT PLAN-MED.,1,20130101,0,0,0.01,0
00240000 - MARYLAND,063 - EMPLOYER RETIREMENT PLAN-S.S,1,20130101,0,0,0.01,0
00240000 - MARYLAND,064 - EMPLOYER RETIREMENT PLAN-MED.,1,20130101,0,0,0.01,0
00250000 - MASSACHUSETTS,010 - EMPLOYER UNEMPLOYMENT TAX,1,20190101,0,15000,0.02,0
00250000 - MASSACHUSETTS,010 - EMPLOYER UNEMPLOYMENT TAX,2,20190101,0,15000,0.02,0
00250000 - MASSACHUSETTS,017 - EMPLOYER HEALTH INSURANCE TAX,1,20180101,20191231,15000,0.05,0
00250000 - MASSACHUSETTS,017 - EMPLOYER HEALTH INSURANCE TAX,2,20180101,20191231,15000,0.05,0
00250000 - MASSACHUSETTS,018 - EMPLOYER WORKFORCE DEVLMT TX,1,20150101,0,15000,0,0
00250000 - MASSACHUSETTS,018 - EMPLOYER WORKFORCE DEVLMT TX,2,20150101,0,15000,0,0
00250000 - MASSACHUSETTS,061 - EMPLOYEE RETIREMENT PLAN-S.S,1,20130101,0,0,0.01,0
00250000 - MASSACHUSETTS,062 - EMPLOYEE RETIREMENT PLAN-MED.,1,20130101,20121231,0,0.01,0
00250000 - MASSACHUSETTS,063 - EMPLOYER RETIREMENT PLAN-S.S,1,20130101,0,0,0.01,0
00250000 - MASSACHUSETTS,064 - EMPLOYER RETIREMENT PLAN-MED.,1,20130101,20121231,0,0.01,0
00250000 - MASSACHUSETTS,068 - P.E.R.S. - S.S. - EMPLOYER PICK-UP,1,20140101,0,0,0.01,0
00250000 - MASSACHUSETTS,087 - EMPLOYEE FAMILY LEAVE INSURANCE TAX,1,20200101,0,137700,0,0
00250000 - MASSACHUSETTS,088 - EMPLOYEE FAMILY LEAVE INS-VOL TAX,1,20200101,0,137700,0,0
00250000 - MASSACHUSETTS,092 - ER MEDICAL ASST CONTRIBUTION TAX,1,20200101,0,15000,0,0
00250000 - MASSACHUSETTS,092 - ER MEDICAL ASST CONTRIBUTION TAX,2,20200101,0,15000,0,0
00250000 - MASSACHUSETTS,098 - EMPLOYER FAMILY LEAVE INSURANCE TAX,1,20200101,0,137700,0,0
00250000 - MASSACHUSETTS,099 - EMPLOYEE MEDICAL LEAVE INSUR TAX,1,20200101,0,137700,0,0
00250000 - MASSACHUSETTS,100 - EMPLOYER MEDICAL LEAVE INSUR TAX,1,20200101,0,137700,0,0
00250000 - MASSACHUSETTS,100 - EMPLOYER MEDICAL LEAVE INSUR TAX,2,20200101,0,137700,0.01,0
00250000 - MASSACHUSETTS,100 - EMPLOYER MEDICAL LEAVE INSUR TAX,3,20200101,0,137700,0,0
00250000 - MASSACHUSETTS,100 - EMPLOYER MEDICAL LEAVE INSUR TAX,4,20200101,0,137700,0,0
00250000 - MASSACHUSETTS,101 - EMPLOYER FAMILY LEAVE INS-VOL TAX,1,20200101,0,137700,0,0
00250000 - MASSACHUSETTS,102 - EMPLOYEE MEDICAL LEAVE INS-VOL TAX,1,20200101,0,137700,0,0
00250000 - MASSACHUSETTS,103 - EMPLOYER MEDICAL LEAVE INS-VOL TAX,1,20200101,0,137700,0,0
00250000 - MASSACHUSETTS,103 - EMPLOYER MEDICAL LEAVE INS-VOL TAX,2,20190701,20190630,132900,0.01,0
00250000 - MASSACHUSETTS,103 - EMPLOYER MEDICAL LEAVE INS-VOL TAX,3,20190701,20190630,132900,0,0
00260000 - MICHIGAN,010 - EMPLOYER UNEMPLOYMENT TAX,1,20160101,0,9000,0.03,0
00260000 - MICHIGAN,010 - EMPLOYER UNEMPLOYMENT TAX,2,20160101,0,9000,0.03,0
00260000 - MICHIGAN,010 - EMPLOYER UNEMPLOYMENT TAX,3,20160101,0,9500,0.03,0
00260000 - MICHIGAN,010 - EMPLOYER UNEMPLOYMENT TAX,4,20160101,0,9500,0.03,0
00260000 - MICHIGAN,011 - EMPLOYER DEBT REPAYMENT TAX,1,20130101,20111231,7000,0,0
00260000 - MICHIGAN,061 - EMPLOYEE RETIREMENT PLAN-S.S,1,20130101,0,0,0.01,0
00260000 - MICHIGAN,062 - EMPLOYEE RETIREMENT PLAN-MED.,1,20130101,0,0,0.01,0
00260000 - MICHIGAN,063 - EMPLOYER RETIREMENT PLAN-S.S,1,20130101,0,0,0.01,0
00260000 - MICHIGAN,064 - EMPLOYER RETIREMENT PLAN-MED.,1,20130101,0,0,0.01,0
00260000 - MICHIGAN,082 - UNEMPLOYMENT SOLVENCY TAX SURCHARGE,1,20160101,0,9000,0,0
00260000 - MICHIGAN,082 - UNEMPLOYMENT SOLVENCY TAX SURCHARGE,2,20160101,0,9000,0,0
00260000 - MICHIGAN,082 - UNEMPLOYMENT SOLVENCY TAX SURCHARGE,3,20160101,0,9500,0,0
00260000 - MICHIGAN,082 - UNEMPLOYMENT SOLVENCY TAX SURCHARGE,4,20160101,0,9500,0,0
00260000 - MICHIGAN,089 - UI INTEREST ASSESSMENT FEE,1,20200101,0,9000,0,0
00260000 - MICHIGAN,089 - UI INTEREST ASSESSMENT FEE,2,20200101,0,9000,0,0
00260000 - MICHIGAN,089 - UI INTEREST ASSESSMENT FEE,3,20200101,0,9500,0,0
00260000 - MICHIGAN,089 - UI INTEREST ASSESSMENT FEE,4,20200101,0,9500,0,0
00270000 - MINNESOTA,010 - EMPLOYER UNEMPLOYMENT TAX,1,20200101,0,35000,0,0
00270000 - MINNESOTA,010 - EMPLOYER UNEMPLOYMENT TAX,2,20200101,0,35000,0,0
00270000 - MINNESOTA,011 - EMPLOYER DEBT REPAYMENT TAX,1,20130102,20111231,7000,0,0
00270000 - MINNESOTA,015 - ER JOB DEVMT ASSESSMT TX,1,20200101,0,35000,0,0
00270000 - MINNESOTA,015 - ER JOB DEVMT ASSESSMT TX,2,20200101,0,35000,0,0
00270000 - MINNESOTA,036 - WORKFORCE ENHANCEMENT FEE,1,20200101,0,35000,0,0
00270000 - MINNESOTA,036 - WORKFORCE ENHANCEMENT FEE,2,20200101,0,35000,0,0
00270000 - MINNESOTA,061 - EMPLOYEE RETIREMENT PLAN-S.S,1,20130101,0,0,0.01,0
00270000 - MINNESOTA,062 - EMPLOYEE RETIREMENT PLAN-MED.,1,20130101,0,0,0.01,0
00270000 - MINNESOTA,063 - EMPLOYER RETIREMENT PLAN-S.S,1,20130101,0,0,0.01,0
00270000 - MINNESOTA,064 - EMPLOYER RETIREMENT PLAN-MED.,1,20130101,0,0,0.01,0
00270000 - MINNESOTA,089 - UI INTEREST ASSESSMENT FEE,1,20200101,0,35000,0,0
00270000 - MINNESOTA,089 - UI INTEREST ASSESSMENT FEE,2,20200101,0,35000,0,0
00280000 - MISSISSIPPI,010 - EMPLOYER UNEMPLOYMENT TAX,1,20200101,0,14000,0.01,0
00280000 - MISSISSIPPI,010 - EMPLOYER UNEMPLOYMENT TAX,2,20200101,0,14000,0.01,0
00280000 - MISSISSIPPI,016 - EMPLOYMENT TRAINING TAX,1,20170101,0,14000,0,0
00280000 - MISSISSIPPI,016 - EMPLOYMENT TRAINING TAX,2,20170101,0,14000,0,0
00280000 - MISSISSIPPI,061 - EMPLOYEE RETIREMENT PLAN-S.S,1,20130101,0,0,0.01,0
00280000 - MISSISSIPPI,062 - EMPLOYEE RETIREMENT PLAN-MED.,1,20130101,0,0,0.01,0
00280000 - MISSISSIPPI,063 - EMPLOYER RETIREMENT PLAN-S.S,1,20130101,0,0,0.01,0
00280000 - MISSISSIPPI,064 - EMPLOYER RETIREMENT PLAN-MED.,1,20130101,0,0,0.01,0
00290000 - MISSOURI,010 - EMPLOYER UNEMPLOYMENT TAX,1,20200101,0,11500,0.02,0
00290000 - MISSOURI,010 - EMPLOYER UNEMPLOYMENT TAX,2,20200101,0,11500,0.02,0
00290000 - MISSOURI,011 - EMPLOYER DEBT REPAYMENT TAX,1,20140101,20131231,7000,0,0
00290000 - MISSOURI,039 - EMPLOYMENT ADMINISTRATION FUND,1,20100101,20110331,13000,0,0
00290000 - MISSOURI,039 - EMPLOYMENT ADMINISTRATION FUND,2,20100101,20110331,13000,0,0
00290000 - MISSOURI,061 - EMPLOYEE RETIREMENT PLAN-S.S,1,20130101,0,0,0.01,0
00290000 - MISSOURI,062 - EMPLOYEE RETIREMENT PLAN-MED.,1,20130101,0,0,0.01,0
00290000 - MISSOURI,063 - EMPLOYER RETIREMENT PLAN-S.S,1,20130101,0,0,0.01,0
00290000 - MISSOURI,064 - EMPLOYER RETIREMENT PLAN-MED.,1,20130101,0,0,0.01,0
00300000 - MONTANA,010 - EMPLOYER UNEMPLOYMENT TAX,1,20200101,0,34100,0,0
00300000 - MONTANA,010 - EMPLOYER UNEMPLOYMENT TAX,2,20200101,0,34100,0,0
00300000 - MONTANA,012 - EMPLOYER OLD FUND LIABILITY TX,1,19930701,19981231,0,0,0
00300000 - MONTANA,022 - EMPLOYEE OLD FUND LIABILITY TX,1,19930701,19981231,0,0,0
00300000 - MONTANA,039 - EMPLOYMENT ADMINISTRATION FUND,1,20200101,0,34100,0,0
00300000 - MONTANA,039 - EMPLOYMENT ADMINISTRATION FUND,2,20200101,0,34100,0,0
00300000 - MONTANA,061 - EMPLOYEE RETIREMENT PLAN-S.S,1,20130101,0,0,0.01,0
00300000 - MONTANA,062 - EMPLOYEE RETIREMENT PLAN-MED.,1,20130101,0,0,0.01,0
00300000 - MONTANA,063 - EMPLOYER RETIREMENT PLAN-S.S,1,20130101,0,0,0.01,0
00300000 - MONTANA,064 - EMPLOYER RETIREMENT PLAN-MED.,1,20130101,0,0,0.01,0
00310000 - NEBRASKA,007 - STATE UNEMPLOYMENT INSURANCE TAX,1,20200101,0,9000,0.01,0
00310000 - NEBRASKA,007 - STATE UNEMPLOYMENT INSURANCE TAX,2,20200101,0,9000,0.01,0
00310000 - NEBRASKA,007 - STATE UNEMPLOYMENT INSURANCE TAX,3,20200101,0,24000,0.01,0
00310000 - NEBRASKA,007 - STATE UNEMPLOYMENT INSURANCE TAX,4,20200101,0,24000,0.01,0
00310000 - NEBRASKA,010 - EMPLOYER UNEMPLOYMENT TAX,1,20200101,0,9000,0.01,0
00310000 - NEBRASKA,010 - EMPLOYER UNEMPLOYMENT TAX,2,20200101,0,9000,0.01,0
00310000 - NEBRASKA,010 - EMPLOYER UNEMPLOYMENT TAX,3,20200101,0,24000,0.01,0
00310000 - NEBRASKA,010 - EMPLOYER UNEMPLOYMENT TAX,4,20200101,0,24000,0.01,0
00310000 - NEBRASKA,061 - EMPLOYEE RETIREMENT PLAN-S.S,1,20130101,0,0,0.01,0
00310000 - NEBRASKA,062 - EMPLOYEE RETIREMENT PLAN-MED.,1,20130101,0,0,0.01,0
00310000 - NEBRASKA,063 - EMPLOYER RETIREMENT PLAN-S.S,1,20130101,0,0,0.01,0
00310000 - NEBRASKA,064 - EMPLOYER RETIREMENT PLAN-MED.,1,20130101,0,0,0.01,0
00320000 - NEVADA,010 - EMPLOYER UNEMPLOYMENT TAX,1,20200101,0,32500,0.03,0
00320000 - NEVADA,010 - EMPLOYER UNEMPLOYMENT TAX,2,20200101,0,32500,0.03,0
00320000 - NEVADA,011 - EMPLOYER DEBT REPAYMENT TAX,1,20130101,20121231,7000,0,0
00320000 - NEVADA,016 - EMPLOYMENT TRAINING TAX,1,20200101,0,32500,0,0
00320000 - NEVADA,016 - EMPLOYMENT TRAINING TAX,2,20200101,0,32500,0,0
00320000 - NEVADA,061 - EMPLOYEE RETIREMENT PLAN-S.S,1,20130101,0,0,0.01,0
00320000 - NEVADA,062 - EMPLOYEE RETIREMENT PLAN-MED.,1,20130101,0,0,0.01,0
00320000 - NEVADA,063 - EMPLOYER RETIREMENT PLAN-S.S,1,20130101,0,0,0.01,0
00320000 - NEVADA,064 - EMPLOYER RETIREMENT PLAN-MED.,1,20130101,0,0,0.01,0
00320000 - NEVADA,089 - UI INTEREST ASSESSMENT FEE,1,20180101,20171231,30500,0,0
00320000 - NEVADA,089 - UI INTEREST ASSESSMENT FEE,2,20180101,20171231,30500,0,0
00330000 - NEW HAMPSHIRE,010 - EMPLOYER UNEMPLOYMENT TAX,1,20200401,0,14000,0.01,0
00330000 - NEW HAMPSHIRE,010 - EMPLOYER UNEMPLOYMENT TAX,2,20200401,0,14000,0.01,0
00330000 - NEW HAMPSHIRE,029 - SPECIAL ADMIN RESERVE FUND TAX,1,20200101,0,14000,0,0
00330000 - NEW HAMPSHIRE,029 - SPECIAL ADMIN RESERVE FUND TAX,2,20200101,0,14000,0,0
00330000 - NEW HAMPSHIRE,061 - EMPLOYEE RETIREMENT PLAN-S.S,1,20130101,0,0,0.01,0
00330000 - NEW HAMPSHIRE,062 - EMPLOYEE RETIREMENT PLAN-MED.,1,20130101,0,0,0.01,0
00330000 - NEW HAMPSHIRE,063 - EMPLOYER RETIREMENT PLAN-S.S,1,20130101,0,0,0.01,0
00330000 - NEW HAMPSHIRE,064 - EMPLOYER RETIREMENT PLAN-MED.,1,20130101,0,0,0.01,0
00340000 - NEW JERSEY,010 - EMPLOYER UNEMPLOYMENT TAX,1,20200101,0,35300,0.03,0
00340000 - NEW JERSEY,010 - EMPLOYER UNEMPLOYMENT TAX,2,20200101,0,35300,0.03,0
00340000 - NEW JERSEY,011 - EMPLOYER DEBT REPAYMENT TAX,1,20140101,20131231,7000,0,0
00340000 - NEW JERSEY,017 - EMPLOYER HEALTH INSURANCE TAX,1,20200101,0,35300,0,0
00340000 - NEW JERSEY,017 - EMPLOYER HEALTH INSURANCE TAX,2,20200101,0,35300,0,0
00340000 - NEW JERSEY,018 - EMPLOYER WORKFORCE DEVLMT TX,1,20200101,0,35300,0,0
00340000 - NEW JERSEY,018 - EMPLOYER WORKFORCE DEVLMT TX,2,20200101,0,35300,0,0
00340000 - NEW JERSEY,020 - EMPLOYEE UNEMPLOYMENT TAX,1,20200101,0,35300,0,0
00340000 - NEW JERSEY,020 - EMPLOYEE UNEMPLOYMENT TAX,2,20200101,0,35300,0,0
00340000 - NEW JERSEY,023 - EMPLOYEE HEALTH INSURANCE TAX,1,20200101,0,35300,0,0
00340000 - NEW JERSEY,023 - EMPLOYEE HEALTH INSURANCE TAX,2,20200101,0,35300,0,0
00340000 - NEW JERSEY,024 - EMPLOYEE WORKFORCE DEVLPMT TX,1,20200101,0,35300,0,0
00340000 - NEW JERSEY,024 - EMPLOYEE WORKFORCE DEVLPMT TX,2,20200101,0,35300,0,0
00340000 - NEW JERSEY,025 - EE COMBINED UI/WF&SWF/HC/DI/FLI TAX,1,20190101,20191231,34400,0.01,0
00340000 - NEW JERSEY,025 - EE COMBINED UI/WF&SWF/HC/DI/FLI TAX,2,20190101,20191231,34400,0.01,0
00340000 - NEW JERSEY,028 - ER COMBINED WF&SWF/HC/DI TAX,1,20190101,20191231,34400,0.01,0
00340000 - NEW JERSEY,028 - ER COMBINED WF&SWF/HC/DI TAX,2,20190101,20191231,34400,0.01,0
00340000 - NEW JERSEY,031 - EMPLOYER DISABILITY TAX,1,20200101,0,35300,0,0
00340000 - NEW JERSEY,031 - EMPLOYER DISABILITY TAX,2,20200101,0,35300,0,0
00340000 - NEW JERSEY,041 - EMPLOYEE DISABILITY TAX,1,20200101,0,134900,0,0
00340000 - NEW JERSEY,041 - EMPLOYEE DISABILITY TAX,2,20200101,0,134900,0,0
00340000 - NEW JERSEY,048 - EMPLOYEE VOLUNTARY DISABILITY TAX,1,20200101,0,134900,0,0
00340000 - NEW JERSEY,048 - EMPLOYEE VOLUNTARY DISABILITY TAX,2,20200101,0,134900,0,0
00340000 - NEW JERSEY,061 - EMPLOYEE RETIREMENT PLAN-S.S,1,20130101,0,0,0.01,0
00340000 - NEW JERSEY,062 - EMPLOYEE RETIREMENT PLAN-MED.,1,20130101,0,0,0.01,0
00340000 - NEW JERSEY,063 - EMPLOYER RETIREMENT PLAN-S.S,1,20130101,0,0,0.01,0
00340000 - NEW JERSEY,064 - EMPLOYER RETIREMENT PLAN-MED.,1,20130101,0,0,0.01,0
00340000 - NEW JERSEY,077 - EMPLOYER VOLUNTARY DISABILITY TAX,1,20200101,0,35300,0,0
00340000 - NEW JERSEY,077 - EMPLOYER VOLUNTARY DISABILITY TAX,2,20200101,0,35300,0,0
00340000 - NEW JERSEY,087 - EMPLOYEE FAMILY LEAVE INSURANCE TAX,1,20200101,0,134900,0,0
00340000 - NEW JERSEY,087 - EMPLOYEE FAMILY LEAVE INSURANCE TAX,2,20200101,0,134900,0,0
00340000 - NEW JERSEY,088 - EMPLOYEE FAMILY LEAVE INS-VOL TAX,1,20200101,0,134900,0,0
00340000 - NEW JERSEY,088 - EMPLOYEE FAMILY LEAVE INS-VOL TAX,2,20200101,0,134900,0,0
00350000 - NEW MEXICO,010 - EMPLOYER UNEMPLOYMENT TAX,1,20200101,0,25800,0.01,0
00350000 - NEW MEXICO,010 - EMPLOYER UNEMPLOYMENT TAX,2,20200101,0,25800,0.01,0
00350000 - NEW MEXICO,061 - EMPLOYEE RETIREMENT PLAN-S.S,1,20130101,0,0,0.01,0
00350000 - NEW MEXICO,062 - EMPLOYEE RETIREMENT PLAN-MED.,1,20130101,0,0,0.01,0
00350000 - NEW MEXICO,063 - EMPLOYER RETIREMENT PLAN-S.S,1,20130101,0,0,0.01,0
00350000 - NEW MEXICO,064 - EMPLOYER RETIREMENT PLAN-MED.,1,20130101,0,0,0.01,0
00360000 - NEW YORK,010 - EMPLOYER UNEMPLOYMENT TAX,1,20200101,0,11600,0.03,0
00360000 - NEW YORK,010 - EMPLOYER UNEMPLOYMENT TAX,2,20200101,0,11600,0.03,0
00360000 - NEW YORK,011 - EMPLOYER DEBT REPAYMENT TAX,1,20150101,20151231,7000,0,0
00360000 - NEW YORK,014 - ER RE-EMPLMT PLACEMT TX,1,20200101,0,11600,0,0
00360000 - NEW YORK,014 - ER RE-EMPLMT PLACEMT TX,2,20200101,0,11600,0,0
00360000 - NEW YORK,061 - EMPLOYEE RETIREMENT PLAN-S.S,1,20130101,0,0,0.01,0
00360000 - NEW YORK,062 - EMPLOYEE RETIREMENT PLAN-MED.,1,20130101,20131231,0,0.01,0
00360000 - NEW YORK,063 - EMPLOYER RETIREMENT PLAN-S.S,1,20130101,0,0,0.01,0
00360000 - NEW YORK,064 - EMPLOYER RETIREMENT PLAN-MED.,1,20130101,20131231,0,0.01,0
00360000 - NEW YORK,068 - P.E.R.S. - S.S. - EMPLOYER PICK-UP,1,20140101,0,0,0.01,0
00360000 - NEW YORK,087 - EMPLOYEE FAMILY LEAVE INSURANCE TAX,1,20200101,0,72860.84,0,0
00370000 - NORTH CAROLINA,010 - EMPLOYER UNEMPLOYMENT TAX,1,20200101,0,25200,0.01,0
00370000 - NORTH CAROLINA,010 - EMPLOYER UNEMPLOYMENT TAX,2,20200101,0,25200,0.01,0
00370000 - NORTH CAROLINA,011 - EMPLOYER DEBT REPAYMENT TAX,1,20150101,20151231,7000,0,0
00370000 - NORTH CAROLINA,061 - EMPLOYEE RETIREMENT PLAN-S.S,1,20130101,0,0,0.01,0
00370000 - NORTH CAROLINA,062 - EMPLOYEE RETIREMENT PLAN-MED.,1,20130101,0,0,0.01,0
00370000 - NORTH CAROLINA,063 - EMPLOYER RETIREMENT PLAN-S.S,1,20130101,0,0,0.01,0
00370000 - NORTH CAROLINA,064 - EMPLOYER RETIREMENT PLAN-MED.,1,20130101,0,0,0.01,0
00380000 - NORTH DAKOTA,010 - EMPLOYER UNEMPLOYMENT TAX,1,20200101,0,37900,0.01,0
00380000 - NORTH DAKOTA,010 - EMPLOYER UNEMPLOYMENT TAX,2,20200101,0,37900,0.01,0
00380000 - NORTH DAKOTA,030 - EMPLOYER WORKER COMPENSATION TAX,1,20190701,0,36400,0.01,0
00380000 - NORTH DAKOTA,061 - EMPLOYEE RETIREMENT PLAN-S.S,1,20130101,0,0,0.01,0
00380000 - NORTH DAKOTA,062 - EMPLOYEE RETIREMENT PLAN-MED.,1,20130101,0,0,0.01,0
00380000 - NORTH DAKOTA,063 - EMPLOYER RETIREMENT PLAN-S.S,1,20130101,0,0,0.01,0
00380000 - NORTH DAKOTA,064 - EMPLOYER RETIREMENT PLAN-MED.,1,20130101,0,0,0.01,0
00390000 - OHIO,010 - EMPLOYER UNEMPLOYMENT TAX,1,20200101,0,9000,0.03,0
00390000 - OHIO,010 - EMPLOYER UNEMPLOYMENT TAX,2,20200101,0,9000,0.03,0
00390000 - OHIO,011 - EMPLOYER DEBT REPAYMENT TAX,1,20160101,20161231,7000,0,0
00390000 - OHIO,030 - EMPLOYER WORKER COMPENSATION TAX,1,20130101,0,0,0.01,0
00390000 - OHIO,061 - EMPLOYEE RETIREMENT PLAN-S.S,1,20130101,0,0,0.01,0
00390000 - OHIO,062 - EMPLOYEE RETIREMENT PLAN-MED.,1,20130101,20070101,0,0,0
00390000 - OHIO,063 - EMPLOYER RETIREMENT PLAN-S.S,1,20130101,0,0,0.01,0
00390000 - OHIO,064 - EMPLOYER RETIREMENT PLAN-MED.,1,20130101,20070101,0,0,0
00390000 - OHIO,068 - P.E.R.S. - S.S. - EMPLOYER PICK-UP,1,20090101,0,0,0.01,0
00391107 - CUYAHOGA FALLS,001 - WITHHOLDING TAX,1,19960701,0,0,0.02,0
00391256 - MANCHESTER,001 - WITHHOLDING TAX,1,19920101,0,6000,0.01,0
00391615 - SHERWOOD,001 - WITHHOLDING TAX,1,20040701,0,0,0.01,10000
00391911 - GREEN TWP-CHEVIOT CITY JEDD II,047 - JOINT ECONOMIC DEV. DISTRICT,1,20120501,0,100000,0.01,0
00391986 - WESTERN RIDGE JEDD,047 - JOINT ECONOMIC DEV. DISTRICT,1,20200101,0,117260,0.01,0
00391987 - MERCY HOSPITALS WEST JEDD,047 - JOINT ECONOMIC DEV. DISTRICT,1,20130514,0,100000,0.02,0
00400000 - OKLAHOMA,010 - EMPLOYER UNEMPLOYMENT TAX,1,20200101,0,18700,0.01,0
00400000 - OKLAHOMA,010 - EMPLOYER UNEMPLOYMENT TAX,2,20200101,0,18700,0.01,0
00400000 - OKLAHOMA,061 - EMPLOYEE RETIREMENT PLAN-S.S,1,20130101,0,0,0.01,0
00400000 - OKLAHOMA,062 - EMPLOYEE RETIREMENT PLAN-MED.,1,20130101,0,0,0.01,0
00400000 - OKLAHOMA,063 - EMPLOYER RETIREMENT PLAN-S.S,1,20130101,0,0,0.01,0
00400000 - OKLAHOMA,064 - EMPLOYER RETIREMENT PLAN-MED.,1,20130101,0,0,0.01,0
00400000 - OKLAHOMA,094 - TECHNOLOGY FUND TAX,1,20200101,0,18700,0,0
00400000 - OKLAHOMA,094 - TECHNOLOGY FUND TAX,2,20200101,0,18700,0,0
00410000 - OREGON,009 - EMPLOYER SPECIAL PAYROLL TAX,1,20200101,0,42100,0,0
00410000 - OREGON,009 - EMPLOYER SPECIAL PAYROLL TAX,2,20200101,0,42100,0,0
00410000 - OREGON,010 - EMPLOYER UNEMPLOYMENT TAX,1,20200101,0,42100,0.02,0
00410000 - OREGON,010 - EMPLOYER UNEMPLOYMENT TAX,2,20200101,0,42100,0.02,0
00410000 - OREGON,061 - EMPLOYEE RETIREMENT PLAN-S.S,1,20130101,0,0,0.01,0
00410000 - OREGON,062 - EMPLOYEE RETIREMENT PLAN-MED.,1,20130101,0,0,0.01,0
00410000 - OREGON,063 - EMPLOYER RETIREMENT PLAN-S.S,1,20130101,0,0,0.01,0
00410000 - OREGON,064 - EMPLOYER RETIREMENT PLAN-MED.,1,20130101,0,0,0.01,0
00410000 - OREGON,080 - EMPLOYER WAGE SECURITY FUND TAX,1,20090101,20090331,31300,0,0
00420000 - PENNSYLVANIA,010 - EMPLOYER UNEMPLOYMENT TAX,1,20180101,0,10000,0.04,0
00420000 - PENNSYLVANIA,010 - EMPLOYER UNEMPLOYMENT TAX,2,20180101,0,10000,0.04,0
00420000 - PENNSYLVANIA,011 - EMPLOYER DEBT REPAYMENT TAX,1,20130102,20111231,7000,0,0
00420000 - PENNSYLVANIA,020 - EMPLOYEE UNEMPLOYMENT TAX,1,20180101,0,0,0,0
00420000 - PENNSYLVANIA,020 - EMPLOYEE UNEMPLOYMENT TAX,2,20180101,0,0,0,0
00420000 - PENNSYLVANIA,061 - EMPLOYEE RETIREMENT PLAN-S.S,1,20130101,0,0,0.01,0
00420000 - PENNSYLVANIA,062 - EMPLOYEE RETIREMENT PLAN-MED.,1,20130101,0,0,0.01,0
00420000 - PENNSYLVANIA,063 - EMPLOYER RETIREMENT PLAN-S.S,1,20130101,0,0,0.01,0
00420000 - PENNSYLVANIA,064 - EMPLOYER RETIREMENT PLAN-MED.,1,20130101,0,0,0.01,0
00430000 - PUERTO RICO,010 - EMPLOYER UNEMPLOYMENT TAX,1,20200101,0,7000,0.03,0
00430000 - PUERTO RICO,010 - EMPLOYER UNEMPLOYMENT TAX,2,20200101,0,7000,0.03,0
00430000 - PUERTO RICO,015 - ER JOB DEVMT ASSESSMT TX,1,20130101,0,7000,0.01,0
00430000 - PUERTO RICO,015 - ER JOB DEVMT ASSESSMT TX,2,20130101,0,7000,0.01,0
00430000 - PUERTO RICO,031 - EMPLOYER DISABILITY TAX,1,20130101,0,9000,0,0
00430000 - PUERTO RICO,031 - EMPLOYER DISABILITY TAX,2,20130101,0,9000,0,0
00430000 - PUERTO RICO,041 - EMPLOYEE DISABILITY TAX,1,20130101,0,9000,0,0
00430000 - PUERTO RICO,041 - EMPLOYEE DISABILITY TAX,2,20130101,0,9000,0,0
00430000 - PUERTO RICO,061 - EMPLOYEE RETIREMENT PLAN-S.S,1,20070101,0,0,0.01,0
00430000 - PUERTO RICO,062 - EMPLOYEE RETIREMENT PLAN-MED.,1,20070101,0,0,0.01,0
00430000 - PUERTO RICO,063 - EMPLOYER RETIREMENT PLAN-S.S,1,20070101,0,0,0.01,0
00430000 - PUERTO RICO,064 - EMPLOYER RETIREMENT PLAN-MED.,1,20070101,0,0,0.01,0
00430000 - PUERTO RICO,068 - P.E.R.S. - S.S. - EMPLOYER PICK-UP,1,20190101,0,0,0.01,0
00440000 - RHODE ISLAND,010 - EMPLOYER UNEMPLOYMENT TAX,1,20200101,0,24000,0.01,0
00440000 - RHODE ISLAND,010 - EMPLOYER UNEMPLOYMENT TAX,2,20200101,0,24000,0.01,0
00440000 - RHODE ISLAND,010 - EMPLOYER UNEMPLOYMENT TAX,3,20200101,0,25500,0.1,0
00440000 - RHODE ISLAND,010 - EMPLOYER UNEMPLOYMENT TAX,4,20200101,0,25500,0.1,0
00440000 - RHODE ISLAND,011 - EMPLOYER DEBT REPAYMENT TAX,1,20140101,20131231,7000,0,0
00440000 - RHODE ISLAND,014 - ER RE-EMPLMT PLACEMT TX,1,20010101,20031231,12000,0,0
00440000 - RHODE ISLAND,015 - ER JOB DEVMT ASSESSMT TX,1,20200101,0,24000,0,0
00440000 - RHODE ISLAND,015 - ER JOB DEVMT ASSESSMT TX,2,20200101,0,24000,0,0
00440000 - RHODE ISLAND,015 - ER JOB DEVMT ASSESSMT TX,3,20200101,0,25500,0,0
00440000 - RHODE ISLAND,015 - ER JOB DEVMT ASSESSMT TX,4,20200101,0,25500,0,0
00440000 - RHODE ISLAND,041 - EMPLOYEE DISABILITY TAX,1,20200101,0,72300,0.01,0
00440000 - RHODE ISLAND,041 - EMPLOYEE DISABILITY TAX,2,20200101,0,72300,0.01,0
00440000 - RHODE ISLAND,061 - EMPLOYEE RETIREMENT PLAN-S.S,1,20130101,0,0,0.01,0
00440000 - RHODE ISLAND,062 - EMPLOYEE RETIREMENT PLAN-MED.,1,20130101,0,0,0.01,0
00440000 - RHODE ISLAND,063 - EMPLOYER RETIREMENT PLAN-S.S,1,20130101,0,0,0.01,0
00440000 - RHODE ISLAND,064 - EMPLOYER RETIREMENT PLAN-MED.,1,20130101,0,0,0.01,0
00450000 - SOUTH CAROLINA,010 - EMPLOYER UNEMPLOYMENT TAX,1,20200101,0,14000,0.01,0
00450000 - SOUTH CAROLINA,010 - EMPLOYER UNEMPLOYMENT TAX,2,20200101,0,14000,0.01,0
00450000 - SOUTH CAROLINA,011 - EMPLOYER DEBT REPAYMENT TAX,1,20150101,20151231,7000,0,0
00450000 - SOUTH CAROLINA,037 - ADMINISTRATIVE CONTINGENCY FUND TAX,1,20160101,0,14000,0,0
00450000 - SOUTH CAROLINA,037 - ADMINISTRATIVE CONTINGENCY FUND TAX,2,20160101,0,14000,0,0
00450000 - SOUTH CAROLINA,061 - EMPLOYEE RETIREMENT PLAN-S.S,1,20130101,0,0,0.01,0
00450000 - SOUTH CAROLINA,062 - EMPLOYEE RETIREMENT PLAN-MED.,1,20130101,0,0,0.01,0
00450000 - SOUTH CAROLINA,063 - EMPLOYER RETIREMENT PLAN-S.S,1,20130101,0,0,0.01,0
00450000 - SOUTH CAROLINA,064 - EMPLOYER RETIREMENT PLAN-MED.,1,20130101,0,0,0.01,0
00460000 - SOUTH DAKOTA,010 - EMPLOYER UNEMPLOYMENT TAX,1,20190701,0,15000,0.01,0
00460000 - SOUTH DAKOTA,010 - EMPLOYER UNEMPLOYMENT TAX,2,20190701,0,15000,0.01,0
00460000 - SOUTH DAKOTA,038 - EMPLOYER INVESTMENT FEE,1,20150101,0,15000,0.01,0
00460000 - SOUTH DAKOTA,038 - EMPLOYER INVESTMENT FEE,2,20150101,0,15000,0.01,0
00460000 - SOUTH DAKOTA,061 - EMPLOYEE RETIREMENT PLAN-S.S,1,20130101,0,0,0.01,0
00460000 - SOUTH DAKOTA,062 - EMPLOYEE RETIREMENT PLAN-MED.,1,20130101,0,0,0.01,0
00460000 - SOUTH DAKOTA,063 - EMPLOYER RETIREMENT PLAN-S.S,1,20130101,0,0,0.01,0
00460000 - SOUTH DAKOTA,064 - EMPLOYER RETIREMENT PLAN-MED.,1,20130101,0,0,0.01,0
00460000 - SOUTH DAKOTA,082 - UNEMPLOYMENT SOLVENCY TAX SURCHARGE,1,20150101,0,15000,0,0
00460000 - SOUTH DAKOTA,082 - UNEMPLOYMENT SOLVENCY TAX SURCHARGE,2,20150101,0,15000,0,0
00460000 - SOUTH DAKOTA,095 - EMPLOYER ADMINISTRATIVE FEE,1,20180101,0,15000,0,0
00460000 - SOUTH DAKOTA,095 - EMPLOYER ADMINISTRATIVE FEE,2,20180101,0,15000,0,0
00470000 - TENNESSEE,010 - EMPLOYER UNEMPLOYMENT TAX,1,20180101,0,7000,0.03,0
00470000 - TENNESSEE,010 - EMPLOYER UNEMPLOYMENT TAX,2,20180101,0,7000,0.03,0
00470000 - TENNESSEE,016 - EMPLOYMENT TRAINING TAX,1,20180101,0,7000,0,0
00470000 - TENNESSEE,016 - EMPLOYMENT TRAINING TAX,2,20180101,0,7000,0,0
00470000 - TENNESSEE,061 - EMPLOYEE RETIREMENT PLAN-S.S,1,20130101,0,0,0.01,0
00470000 - TENNESSEE,062 - EMPLOYEE RETIREMENT PLAN-MED.,1,20130101,0,0,0.01,0
00470000 - TENNESSEE,063 - EMPLOYER RETIREMENT PLAN-S.S,1,20130101,0,0,0.01,0
00470000 - TENNESSEE,064 - EMPLOYER RETIREMENT PLAN-MED.,1,20130101,0,0,0.01,0
00480000 - TEXAS,010 - EMPLOYER UNEMPLOYMENT TAX,1,20130101,0,9000,0.03,0
00480000 - TEXAS,010 - EMPLOYER UNEMPLOYMENT TAX,2,20130101,0,9000,0.03,0
00480000 - TEXAS,016 - EMPLOYMENT TRAINING TAX,1,20130101,0,9000,0,0
00480000 - TEXAS,016 - EMPLOYMENT TRAINING TAX,2,20130101,0,9000,0,0
00480000 - TEXAS,061 - EMPLOYEE RETIREMENT PLAN-S.S,1,20130101,0,0,0.01,0
00480000 - TEXAS,062 - EMPLOYEE RETIREMENT PLAN-MED.,1,20130101,0,0,0.01,0
00480000 - TEXAS,063 - EMPLOYER RETIREMENT PLAN-S.S,1,20130101,0,0,0.01,0
00480000 - TEXAS,064 - EMPLOYER RETIREMENT PLAN-MED.,1,20130101,0,0,0.01,0
00480000 - TEXAS,089 - UI INTEREST ASSESSMENT FEE,1,20180101,0,9000,0,0
00480000 - TEXAS,089 - UI INTEREST ASSESSMENT FEE,2,20180101,0,9000,0,0
00490000 - UTAH,010 - EMPLOYER UNEMPLOYMENT TAX,1,20200101,0,36600,0,0
00490000 - UTAH,010 - EMPLOYER UNEMPLOYMENT TAX,2,20200101,0,36600,0,0
00490000 - UTAH,061 - EMPLOYEE RETIREMENT PLAN-S.S,1,20130101,0,0,0.01,0
00490000 - UTAH,062 - EMPLOYEE RETIREMENT PLAN-MED.,1,20130101,0,0,0.01,0
00490000 - UTAH,063 - EMPLOYER RETIREMENT PLAN-S.S,1,20130101,0,0,0.01,0
00490000 - UTAH,064 - EMPLOYER RETIREMENT PLAN-MED.,1,20130101,0,0,0.01,0
00500000 - VERMONT,010 - EMPLOYER UNEMPLOYMENT TAX,1,20200101,0,16100,0.01,0
00500000 - VERMONT,010 - EMPLOYER UNEMPLOYMENT TAX,2,20200101,0,16100,0.01,0
00500000 - VERMONT,011 - EMPLOYER DEBT REPAYMENT TAX,1,20130101,20121231,7000,0,0
00500000 - VERMONT,061 - EMPLOYEE RETIREMENT PLAN-S.S,1,20130101,0,0,0.01,0
00500000 - VERMONT,062 - EMPLOYEE RETIREMENT PLAN-MED.,1,20130101,0,0,0.01,0
00500000 - VERMONT,063 - EMPLOYER RETIREMENT PLAN-S.S,1,20130101,0,0,0.01,0
00500000 - VERMONT,064 - EMPLOYER RETIREMENT PLAN-MED.,1,20130101,0,0,0.01,0
00510000 - VIRGINIA,010 - EMPLOYER UNEMPLOYMENT TAX,1,20200101,0,8000,0.02,0
00510000 - VIRGINIA,010 - EMPLOYER UNEMPLOYMENT TAX,2,20200101,0,8000,0.02,0
00510000 - VIRGINIA,011 - EMPLOYER DEBT REPAYMENT TAX,1,20130101,20111231,7000,0,0
00510000 - VIRGINIA,061 - EMPLOYEE RETIREMENT PLAN-S.S,1,20130101,0,0,0.01,0
00510000 - VIRGINIA,062 - EMPLOYEE RETIREMENT PLAN-MED.,1,20130101,0,0,0.01,0
00510000 - VIRGINIA,063 - EMPLOYER RETIREMENT PLAN-S.S,1,20130101,0,0,0.01,0
00510000 - VIRGINIA,064 - EMPLOYER RETIREMENT PLAN-MED.,1,20130101,0,0,0.01,0
00520000 - U.S. VIRGIN ISLANDS,010 - EMPLOYER UNEMPLOYMENT TAX,1,20200101,0,28900,0.02,0
00520000 - U.S. VIRGIN ISLANDS,010 - EMPLOYER UNEMPLOYMENT TAX,2,20200101,0,28900,0.02,0
00520000 - U.S. VIRGIN ISLANDS,011 - EMPLOYER DEBT REPAYMENT TAX,1,20200101,0,7000,0.03,0
00520000 - U.S. VIRGIN ISLANDS,061 - EMPLOYEE RETIREMENT PLAN-S.S,1,20130101,0,0,0.01,0
00520000 - U.S. VIRGIN ISLANDS,062 - EMPLOYEE RETIREMENT PLAN-MED.,1,20130101,0,0,0.01,0
00520000 - U.S. VIRGIN ISLANDS,063 - EMPLOYER RETIREMENT PLAN-S.S,1,20130101,0,0,0.01,0
00520000 - U.S. VIRGIN ISLANDS,064 - EMPLOYER RETIREMENT PLAN-MED.,1,20130101,0,0,0.01,0
00530000 - WASHINGTON,010 - EMPLOYER UNEMPLOYMENT TAX,1,20200101,0,52700,0,0
00530000 - WASHINGTON,010 - EMPLOYER UNEMPLOYMENT TAX,2,20200101,0,52700,0,0
00530000 - WASHINGTON,018 - EMPLOYER WORKFORCE DEVLMT TX,1,19990101,19991231,24300,0,0
00530000 - WASHINGTON,039 - EMPLOYMENT ADMINISTRATION FUND,1,20200101,0,52700,0.01,0
00530000 - WASHINGTON,039 - EMPLOYMENT ADMINISTRATION FUND,2,20200101,0,52700,0.01,0
00530000 - WASHINGTON,061 - EMPLOYEE RETIREMENT PLAN-S.S,1,20130101,0,0,0.01,0
00530000 - WASHINGTON,062 - EMPLOYEE RETIREMENT PLAN-MED.,1,20130101,0,0,0.01,0
00530000 - WASHINGTON,063 - EMPLOYER RETIREMENT PLAN-S.S,1,20130101,0,0,0.01,0
00530000 - WASHINGTON,064 - EMPLOYER RETIREMENT PLAN-MED.,1,20130101,0,0,0.01,0
00530000 - WASHINGTON,087 - EMPLOYEE FAMILY LEAVE INSURANCE TAX,1,20200101,0,137700,0,0
00530000 - WASHINGTON,088 - EMPLOYEE FAMILY LEAVE INS-VOL TAX,1,20200101,0,137700,0,0
00530000 - WASHINGTON,098 - EMPLOYER FAMILY LEAVE INSURANCE TAX,1,20200101,0,137700,0,0
00530000 - WASHINGTON,099 - EMPLOYEE MEDICAL LEAVE INSUR TAX,1,20200101,0,137700,0,0
00530000 - WASHINGTON,100 - EMPLOYER MEDICAL LEAVE INSUR TAX,1,20200101,0,137700,0,0
00530000 - WASHINGTON,100 - EMPLOYER MEDICAL LEAVE INSUR TAX,2,20200101,0,137700,0,0
00530000 - WASHINGTON,100 - EMPLOYER MEDICAL LEAVE INSUR TAX,3,20200101,0,137700,0,0
00530000 - WASHINGTON,100 - EMPLOYER MEDICAL LEAVE INSUR TAX,4,20200101,0,137700,0,0
00530000 - WASHINGTON,101 - EMPLOYER FAMILY LEAVE INS-VOL TAX,1,20200101,0,137700,0,0
00530000 - WASHINGTON,102 - EMPLOYEE MEDICAL LEAVE INS-VOL TAX,1,20200101,0,137700,0,0
00530000 - WASHINGTON,103 - EMPLOYER MEDICAL LEAVE INS-VOL TAX,1,20200101,0,137700,0,0
00530000 - WASHINGTON,888 - EE TAX-CALC DEPENDENCY-DO NOT USE,1,20190101,20181231,132900,0,0
00530000 - WASHINGTON,999 - TAX CALC SPECIAL USE LIMITS,1,20190101,20181231,132900,0,0
00540000 - WEST VIRGINIA,010 - EMPLOYER UNEMPLOYMENT TAX,1,20130101,0,12000,0.03,0
00540000 - WEST VIRGINIA,010 - EMPLOYER UNEMPLOYMENT TAX,2,20130101,0,12000,0.03,0
00540000 - WEST VIRGINIA,061 - EMPLOYEE RETIREMENT PLAN-S.S,1,20130101,0,0,0.01,0
00540000 - WEST VIRGINIA,062 - EMPLOYEE RETIREMENT PLAN-MED.,1,20130101,0,0,0.01,0
00540000 - WEST VIRGINIA,063 - EMPLOYER RETIREMENT PLAN-S.S,1,20130101,0,0,0.01,0
00540000 - WEST VIRGINIA,064 - EMPLOYER RETIREMENT PLAN-MED.,1,20130101,0,0,0.01,0
00540001 - HUNTINGTON,051 - EMPLOYEE OCCUPATION TAX,1,20110701,20110630,125000,0.01,0
00540002 - HUNTINGTON,051 - EMPLOYEE OCCUPATION TAX,1,20110701,20110630,125000,0.01,0
00550000 - WISCONSIN,010 - EMPLOYER UNEMPLOYMENT TAX,1,20130101,0,14000,0,0
00550000 - WISCONSIN,010 - EMPLOYER UNEMPLOYMENT TAX,2,20130101,0,14000,0,0
00550000 - WISCONSIN,011 - EMPLOYER DEBT REPAYMENT TAX,1,20140101,20131231,7000,0,0
00550000 - WISCONSIN,061 - EMPLOYEE RETIREMENT PLAN-S.S,1,20130101,0,0,0.01,0
00550000 - WISCONSIN,062 - EMPLOYEE RETIREMENT PLAN-MED.,1,20130101,0,0,0.01,0
00550000 - WISCONSIN,063 - EMPLOYER RETIREMENT PLAN-S.S,1,20130101,0,0,0.01,0
00550000 - WISCONSIN,064 - EMPLOYER RETIREMENT PLAN-MED.,1,20130101,0,0,0.01,0
00560000 - WYOMING,010 - EMPLOYER UNEMPLOYMENT TAX,1,20200101,0,26400,0,0
00560000 - WYOMING,010 - EMPLOYER UNEMPLOYMENT TAX,2,20200101,0,26400,0,0
00560000 - WYOMING,030 - EMPLOYER WORKER COMPENSATION TAX,1,20200101,0,9999999.99,0.01,0
00560000 - WYOMING,030 - EMPLOYER WORKER COMPENSATION TAX,2,20190101,0,46670.04,0.01,0
00560000 - WYOMING,061 - EMPLOYEE RETIREMENT PLAN-S.S,1,20130101,0,0,0.01,0
00560000 - WYOMING,062 - EMPLOYEE RETIREMENT PLAN-MED.,1,20130101,0,0,0.01,0
00560000 - WYOMING,063 - EMPLOYER RETIREMENT PLAN-S.S,1,20130101,0,0,0.01,0
00560000 - WYOMING,064 - EMPLOYER RETIREMENT PLAN-MED.,1,20130101,0,0,0.01,0
