authorityCode,taxType,formulaNumber,startDate,endDate,monthly/Quarterly,formulaTitle
0,10,2,1/1/1997,0,Monthly,EMPLOYER RAILROAD UNEMPLOYMENT
0,10,2,1/1/1999,0,Monthly,EMPLOYER RAILROAD UNEMPLOYMENT
0,10,2,1/1/2000,0,Monthly,EMPLOYER RAILROAD UNEMPLOYMENT
0,10,2,1/1/2001,0,Monthly,EMPLOYER RAILROAD UNEMPLOYMENT
0,10,2,1/1/2002,0,Monthly,EMPLOYER RAILROAD UNEMPLOYMENT
0,10,2,1/1/2003,0,Monthly,EMPLOYER RAILROAD UNEMPLOYMENT
0,10,2,1/1/2004,0,Monthly,EMPLOYER RAILROAD UNEMPLOYMENT
0,10,2,1/1/2005,0,Monthly,EMPLOYER RAILROAD UNEMPLOYMENT
0,10,2,1/1/2006,0,Monthly,EMPLOYER RAILROAD UNEMPLOYMENT
0,10,2,1/1/2007,0,Monthly,EMPLOYER RAILROAD UNEMPLOYMENT
0,10,2,1/1/2008,0,Monthly,EMPLOYER RAILROAD UNEMPLOYMENT
0,10,2,1/1/2009,0,Monthly,EMPLOYER RAILROAD UNEMPLOYMENT
0,10,2,1/1/2011,0,Monthly,EMPLOYER RAILROAD UNEMPLOYMENT
0,10,2,7/1/2011,0,Monthly,EMPLOYER RAILROAD UNEMPLOYMENT
0,10,2,1/1/2012,0,Monthly,EMPLOYER RAILROAD UNEMPLOYMENT
0,10,2,1/1/2013,0,Monthly,EMPLOYER RAILROAD UNEMPLOYMENT
0,10,2,1/1/2014,0,Monthly,EMPLOYER RAILROAD UNEMPLOYMENT
0,10,2,1/1/2015,0,Monthly,EMPLOYER RAILROAD UNEMPLOYMENT
0,10,2,1/1/2017,0,Monthly,EMPLOYER RAILROAD UNEMPLOYMENT
0,10,2,1/1/2018,0,Monthly,EMPLOYER RAILROAD UNEMPLOYMENT
0,10,2,1/1/2019,0,Monthly,EMPLOYER RAILROAD UNEMPLOYMENT
0,10,2,1/1/2020,0,Monthly,EMPLOYER RAILROAD UNEMPLOYMENT
10000,10,2,1/1/1983,0,Quarterly,EMPLOYER QUARTERLY UT FORMULA
10000,10,2,1/1/2013,0,Quarterly,EMPLOYER QUARTERLY UT FORMULA
10000,13,2,4/1/1992,0,Quarterly,QRTLY EMPLYMNT SEC ENHANCEMENT TAX
10000,13,2,1/1/2013,0,Quarterly,QRTLY EMPLYMNT SEC ENHANCEMENT TAX
20000,10,2,1/1/2008,0,Quarterly,EMPLOYER QUARTERLY UT FORMULA
20000,10,2,1/1/2009,0,Quarterly,EMPLOYER QUARTERLY UT FORMULA
20000,10,2,1/1/2010,0,Quarterly,EMPLOYER QUARTERLY UT FORMULA
20000,10,2,1/1/2011,0,Quarterly,EMPLOYER QUARTERLY UT FORMULA
20000,10,2,1/1/2012,0,Quarterly,EMPLOYER QUARTERLY UT FORMULA
20000,10,2,1/1/2013,0,Quarterly,EMPLOYER QUARTERLY UT FORMULA
20000,10,2,1/1/2014,0,Quarterly,EMPLOYER QUARTERLY UT FORMULA
20000,10,2,1/1/2015,0,Quarterly,EMPLOYER QUARTERLY UT FORMULA
20000,10,2,1/1/2016,0,Quarterly,EMPLOYER QUARTERLY UT FORMULA
20000,10,2,1/1/2017,0,Quarterly,EMPLOYER QUARTERLY UT FORMULA
20000,10,2,1/1/2018,0,Quarterly,EMPLOYER QUARTERLY UT FORMULA
20000,10,2,1/1/2019,0,Quarterly,EMPLOYER QUARTERLY UT FORMULA
20000,10,2,1/1/2020,0,Quarterly,EMPLOYER QUARTERLY UT FORMULA
20000,20,2,1/1/2008,0,Quarterly,EMPLOYEE QUARTERLY UT FORMULA
20000,20,2,1/1/2009,0,Quarterly,EMPLOYEE QUARTERLY UT FORMULA
20000,20,2,1/1/2010,0,Quarterly,EMPLOYEE QUARTERLY UT FORMULA
20000,20,2,1/1/2011,0,Quarterly,EMPLOYEE QUARTERLY UT FORMULA
20000,20,2,1/1/2012,0,Quarterly,EMPLOYEE QUARTERLY UT FORMULA
20000,20,2,1/1/2013,0,Quarterly,EMPLOYEE QUARTERLY UT FORMULA
20000,20,2,1/1/2014,0,Quarterly,EMPLOYEE QUARTERLY UT FORMULA
20000,20,2,1/1/2015,0,Quarterly,EMPLOYEE QUARTERLY UT FORMULA
20000,20,2,1/1/2016,0,Quarterly,EMPLOYEE QUARTERLY UT FORMULA
20000,20,2,1/1/2017,0,Quarterly,EMPLOYEE QUARTERLY UT FORMULA
20000,20,2,1/1/2018,0,Quarterly,EMPLOYEE QUARTERLY UT FORMULA
20000,20,2,1/1/2019,0,Quarterly,EMPLOYEE QUARTERLY UT FORMULA
20000,20,2,1/1/2020,0,Quarterly,EMPLOYEE QUARTERLY UT FORMULA
40000,10,2,1/1/1983,0,Quarterly,EMPLOYER QUARTERLY UT FORMULA
40000,10,2,1/1/2011,0,Quarterly,EMPLOYER QUARTERLY UT FORMULA
40000,10,2,1/1/2013,0,Quarterly,EMPLOYER QUARTERLY UT FORMULA
40000,16,2,1/1/2001,0,Quarterly,JOB TRAINING QUARTERLY TAX FORMULA
40000,16,2,1/1/2013,20151231,Quarterly,JOB TRAINING QUARTERLY TAX FORMULA
40000,89,2,1/1/2011,0,Quarterly,QTRLY UI INTRST ASSMNT FEE
40000,89,2,1/1/2012,0,Quarterly,QTRLY UI INTRST ASSMNT FEE
40000,89,2,1/1/2013,0,Quarterly,QTRLY UI INTRST ASSMNT FEE
50000,10,2,1/1/2004,0,Quarterly,EMPLOYER QUARTERLY UT FORMULA
50000,10,2,1/1/2010,0,Quarterly,EMPLOYER QUARTERLY UT FORMULA
50000,10,2,1/1/2011,0,Quarterly,EMPLOYER QUARTERLY UT FORMULA
50000,10,2,1/1/2012,0,Quarterly,EMPLOYER QUARTERLY UT FORMULA
50000,10,2,1/1/2013,0,Quarterly,EMPLOYER QUARTERLY UT FORMULA
50000,10,2,1/1/2015,0,Quarterly,EMPLOYER QUARTERLY UT FORMULA
50000,10,2,1/1/2016,0,Quarterly,EMPLOYER QUARTERLY UT FORMULA
50000,10,2,1/1/2017,0,Quarterly,EMPLOYER QUARTERLY UT FORMULA
50000,10,2,1/1/2018,0,Quarterly,EMPLOYER QUARTERLY UT FORMULA
50000,10,2,1/1/2020,0,Quarterly,EMPLOYER QUARTERLY UT FORMULA
60000,10,2,1/1/1983,0,Quarterly,EMPLOYER QUARTERLY UT FORMULA
60000,10,2,1/1/2011,0,Quarterly,EMPLOYER QUARTERLY UT FORMULA
60000,10,2,1/1/2012,0,Quarterly,EMPLOYER QUARTERLY UT FORMULA
60000,10,2,1/1/2013,0,Quarterly,EMPLOYER QUARTERLY UT FORMULA
60000,10,2,1/2/2013,0,Quarterly,EMPLOYER QUARTERLY UT FORMULA
60000,16,2,1/1/1990,0,Quarterly,EMPLOYER QUARTERLY TRNG TAX FORMULA
60000,16,2,1/1/2013,0,Quarterly,EMPLOYER QUARTERLY TRNG TAX FORMULA
60000,16,2,1/2/2013,0,Quarterly,EMPLOYER QUARTERLY TRNG TAX FORMULA
60000,41,2,1/1/2008,0,Quarterly,EE QUARTERLY DISABILITY FORMULA
60000,41,2,1/1/2009,0,Quarterly,EE QUARTERLY DISABILITY FORMULA
60000,41,2,1/1/2010,0,Quarterly,EE QUARTERLY DISABILITY FORMULA
60000,41,2,1/1/2011,0,Quarterly,EE QUARTERLY DISABILITY FORMULA
60000,41,2,1/1/2012,0,Quarterly,EE QUARTERLY DISABILITY FORMULA
60000,41,2,1/1/2013,0,Quarterly,EE QUARTERLY DISABILITY FORMULA
60000,41,2,1/1/2014,0,Quarterly,EE QUARTERLY DISABILITY FORMULA
60000,41,2,1/1/2015,0,Quarterly,EE QUARTERLY DISABILITY FORMULA
60000,41,2,1/1/2016,0,Quarterly,EE QUARTERLY DISABILITY FORMULA
60000,41,2,1/1/2017,0,Quarterly,EE QUARTERLY DISABILITY FORMULA
60000,41,2,1/1/2018,0,Quarterly,EE QUARTERLY DISABILITY FORMULA
60000,41,2,1/1/2019,0,Quarterly,EE QUARTERLY DISABILITY FORMULA
60000,41,2,1/1/2020,0,Quarterly,EE QUARTERLY DISABILITY FORMULA
60000,41,2,1/2/2020,0,Quarterly,EE QUARTERLY DISABILITY FORMULA
60000,48,2,1/1/2008,0,Quarterly,EE QTR VOLUNTARY DISABILITY FORMULA
60000,48,2,1/1/2009,0,Quarterly,EE QTR VOLUNTARY DISABILITY FORMULA
60000,48,2,1/1/2010,0,Quarterly,EE QTR VOLUNTARY DISABILITY FORMULA
60000,48,2,1/1/2011,0,Quarterly,EE QTR VOLUNTARY DISABILITY FORMULA
60000,48,2,1/1/2012,0,Quarterly,EE QTR VOLUNTARY DISABILITY FORMULA
60000,48,2,1/1/2013,0,Quarterly,EE QTR VOLUNTARY DISABILITY FORMULA
60000,48,2,1/1/2014,0,Quarterly,EE QTR VOLUNTARY DISABILITY FORMULA
60000,48,2,1/1/2015,0,Quarterly,EE QTR VOLUNTARY DISABILITY FORMULA
60000,48,2,1/1/2016,0,Quarterly,EE QTR VOLUNTARY DISABILITY FORMULA
60000,48,2,1/1/2017,0,Quarterly,EE QTR VOLUNTARY DISABILITY FORMULA
60000,48,2,1/1/2018,0,Quarterly,EE QTR VOLUNTARY DISABILITY FORMULA
60000,48,2,1/1/2019,0,Quarterly,EE QTR VOLUNTARY DISABILITY FORMULA
60000,48,2,1/1/2020,0,Quarterly,EE QTR VOLUNTARY DISABILITY FORMULA
60000,48,2,1/2/2020,0,Quarterly,EE QTR VOLUNTARY DISABILITY FORMULA
60000,77,2,1/1/2008,0,Quarterly,ER QTR VOLUNTARY DISABILITY FORMULA
60000,77,2,1/1/2009,0,Quarterly,ER QTR VOLUNTARY DISABILITY FORMULA
60000,77,2,1/1/2010,0,Quarterly,ER QTR VOLUNTARY DISABILITY FORMULA
60000,77,2,1/1/2012,0,Quarterly,ER QTR VOLUNTARY DISABILITY FORMULA
60000,77,2,1/1/2013,0,Quarterly,ER QTR VOLUNTARY DISABILITY FORMULA
60000,77,2,1/1/2014,0,Quarterly,ER QTR VOLUNTARY DISABILITY FORMULA
60000,77,2,1/1/2015,0,Quarterly,ER QTR VOLUNTARY DISABILITY FORMULA
60000,77,2,1/1/2016,0,Quarterly,ER QTR VOLUNTARY DISABILITY FORMULA
60000,77,2,1/1/2017,0,Quarterly,ER QTR VOLUNTARY DISABILITY FORMULA
60000,77,2,1/1/2018,0,Quarterly,ER QTR VOLUNTARY DISABILITY FORMULA
60000,77,2,1/1/2019,0,Quarterly,ER QTR VOLUNTARY DISABILITY FORMULA
60000,77,2,1/1/2020,0,Quarterly,ER QTR VOLUNTARY DISABILITY FORMULA
60000,77,2,1/2/2020,0,Quarterly,ER QTR VOLUNTARY DISABILITY FORMULA
80000,10,2,1/1/1988,0,Quarterly,EMPLOYER QUARTERLY UT FORMULA
80000,10,2,1/1/2011,0,Quarterly,EMPLOYER QUARTERLY UT FORMULA
80000,10,2,1/1/2012,0,Quarterly,EMPLOYER QUARTERLY UT FORMULA
80000,10,2,1/1/2013,0,Quarterly,EMPLOYER QUARTERLY UT FORMULA
80000,10,2,1/1/2014,0,Quarterly,EMPLOYER QUARTERLY UT FORMULA
80000,10,2,1/1/2015,0,Quarterly,EMPLOYER QUARTERLY UT FORMULA
80000,10,2,1/1/2016,0,Quarterly,EMPLOYER QUARTERLY UT FORMULA
80000,10,2,1/1/2017,0,Quarterly,EMPLOYER QUARTERLY UT FORMULA
80000,10,2,1/1/2018,0,Quarterly,EMPLOYER QUARTERLY UT FORMULA
80000,10,2,1/1/2019,0,Quarterly,EMPLOYER QUARTERLY UT FORMULA
80000,10,2,1/1/2020,0,Quarterly,EMPLOYER QUARTERLY UT FORMULA
80000,78,2,1/1/2001,0,Quarterly,ER QUARTERLY UNEMPLOYMENT SURCHARGE
80000,78,2,1/1/2012,0,Quarterly,ER QUARTERLY UNEMPLOYMENT SURCHARGE
80000,78,2,1/1/2013,0,Quarterly,ER QUARTERLY UNEMPLOYMENT SURCHARGE
80000,78,2,1/1/2014,0,Quarterly,ER QUARTERLY UNEMPLOYMENT SURCHARGE
80000,78,2,1/1/2015,0,Quarterly,ER QUARTERLY UNEMPLOYMENT SURCHARGE
80000,78,2,1/1/2016,0,Quarterly,ER QUARTERLY UNEMPLOYMENT SURCHARGE
80000,78,2,1/1/2017,0,Quarterly,ER QUARTERLY UNEMPLOYMENT SURCHARGE
80000,78,2,1/1/2018,0,Quarterly,ER QUARTERLY UNEMPLOYMENT SURCHARGE
80000,78,2,1/1/2019,0,Quarterly,ER QUARTERLY UNEMPLOYMENT SURCHARGE
80000,78,2,1/1/2020,0,Quarterly,ER QUARTERLY UNEMPLOYMENT SURCHARGE
80000,82,2,1/1/2004,0,Quarterly,ER QTR UNEML SOLVENCY TAX SURCHARGE
80000,82,2,1/1/2012,0,Quarterly,ER QTR UNEML SOLVENCY TAX SURCHARGE
80000,82,2,1/1/2013,0,Quarterly,ER QTR UNEML SOLVENCY TAX SURCHARGE
80000,82,2,1/1/2014,0,Quarterly,ER QTR UNEML SOLVENCY TAX SURCHARGE
80000,82,2,1/1/2015,0,Quarterly,ER QTR UNEML SOLVENCY TAX SURCHARGE
80000,82,2,1/1/2016,0,Quarterly,ER QTR UNEML SOLVENCY TAX SURCHARGE
80000,82,2,1/1/2017,0,Quarterly,ER QTR UNEML SOLVENCY TAX SURCHARGE
80000,82,2,1/1/2018,0,Quarterly,ER QTR UNEML SOLVENCY TAX SURCHARGE
80000,82,2,1/1/2019,0,Quarterly,ER QTR UNEML SOLVENCY TAX SURCHARGE
80000,82,2,1/1/2020,0,Quarterly,ER QTR UNEML SOLVENCY TAX SURCHARGE
80080,51,1,11/1/1988,0,Monthly,OCCUPATIONAL TAX
80080,54,1,1/1/1995,0,Monthly,OCCUPATIONAL TAX
80085,51,1,1/1/1980,0,Monthly,OCCUPATIONAL TAX
80085,54,1,1/1/1995,0,Monthly,OCCUPATIONAL TAX
80094,51,1,8/1/1986,0,Monthly,OCCUPATIONAL TAX
80094,54,1,1/1/1995,0,Monthly,OCCUPATIONAL TAX
80095,51,1,1/1/2004,0,Monthly,OCCUPATIONAL TAX
80095,54,1,1/1/2004,0,Monthly,OCCUPATIONAL TAX
80103,51,1,1/1/2004,0,Monthly,OCCUPATIONAL TAX
80103,54,1,1/1/2004,0,Monthly,OCCUPATIONAL TAX
80104,51,1,8/1/1986,0,Monthly,OCCUPATIONAL TAX
80104,54,1,1/1/1995,0,Monthly,OCCUPATIONAL TAX
80105,51,1,8/1/1986,0,Monthly,OCCUPATIONAL TAX
80105,54,1,1/1/1995,0,Monthly,OCCUPATIONAL TAX
90000,10,2,1/1/1999,0,Quarterly,EMPLOYER QUARTERLY UT FORMULA
90000,10,2,1/1/2011,0,Quarterly,EMPLOYER QUARTERLY UT FORMULA
90000,10,2,1/1/2012,0,Quarterly,EMPLOYER QUARTERLY UT FORMULA
90000,10,2,1/1/2013,0,Quarterly,EMPLOYER QUARTERLY UT FORMULA
90000,10,2,1/1/2014,0,Quarterly,EMPLOYER QUARTERLY UT FORMULA
90000,10,2,1/1/2015,0,Quarterly,EMPLOYER QUARTERLY UT FORMULA
90000,10,2,1/1/2016,0,Quarterly,EMPLOYER QUARTERLY UT FORMULA
90000,10,2,1/1/2017,0,Quarterly,EMPLOYER QUARTERLY UT FORMULA
90000,10,2,1/1/2018,0,Quarterly,EMPLOYER QUARTERLY UT FORMULA
90000,10,2,1/1/2019,0,Quarterly,EMPLOYER QUARTERLY UT FORMULA
90000,10,2,1/1/2020,0,Quarterly,EMPLOYER QUARTERLY UT FORMULA
100000,10,2,1/1/2008,0,Quarterly,EMPLOYER QUARTERLY UT FORMULA
100000,10,2,1/1/2011,0,Quarterly,EMPLOYER QUARTERLY UT FORMULA
100000,10,2,1/1/2013,0,Quarterly,EMPLOYER QUARTERLY UT FORMULA
100000,10,2,1/1/2014,0,Quarterly,EMPLOYER QUARTERLY UT FORMULA
100000,10,2,1/1/2017,0,Quarterly,EMPLOYER QUARTERLY UT FORMULA
100000,10,2,1/1/2018,0,Quarterly,EMPLOYER QUARTERLY UT FORMULA
100000,10,2,1/1/2020,0,Quarterly,EMPLOYER QUARTERLY UT FORMULA
100000,16,2,1/1/2008,0,Quarterly,QTR EMPLYMNT TRAINING FUND FORMULA
100000,16,2,1/1/2013,0,Quarterly,QTR EMPLYMNT TRAINING FUND FORMULA
100000,16,2,1/1/2014,0,Quarterly,QTR EMPLYMNT TRAINING FUND FORMULA
100000,16,2,1/1/2018,0,Quarterly,QTR EMPLYMNT TRAINING FUND FORMULA
110000,10,2,1/1/1997,0,Quarterly,EMPLOYER QUARTERLY UT FORMULA
110000,10,2,1/1/2013,0,Quarterly,EMPLOYER QUARTERLY UT FORMULA
110000,15,2,1/1/2006,0,Quarterly,EMPLOYER QTRLY ADMIN ASSESSMENT FEE
110000,15,2,1/1/2013,0,Quarterly,EMPLOYER QTRLY ADMIN ASSESSMENT FEE
120000,10,2,1/1/1983,0,Quarterly,EMPLOYER QUARTERLY UT FORMULA
120000,10,2,1/1/2010,0,Quarterly,EMPLOYER QUARTERLY UT FORMULA
120000,10,2,1/1/2012,0,Quarterly,EMPLOYER QUARTERLY UT FORMULA
120000,10,2,1/1/2013,0,Quarterly,EMPLOYER QUARTERLY UT FORMULA
120000,10,2,1/1/2015,0,Quarterly,EMPLOYER QUARTERLY UT FORMULA
130000,10,2,1/1/1990,0,Quarterly,EMPLOYER QUARTERLY UT FORMULA
130000,10,2,1/1/2013,0,Quarterly,EMPLOYER QUARTERLY UT FORMULA
130000,10,2,1/1/2015,0,Quarterly,EMPLOYER QUARTERLY UT FORMULA
130000,10,2,1/1/2017,0,Quarterly,EMPLOYER QUARTERLY UT FORMULA
130000,15,2,1/1/2003,0,Quarterly,EMPLOYER QTRLY ADMIN ASSESSMENT FEE
130000,15,2,1/1/2013,0,Quarterly,EMPLOYER QTRLY ADMIN ASSESSMENT FEE
130000,15,2,1/1/2017,0,Quarterly,EMPLOYER QTRLY ADMIN ASSESSMENT FEE
150000,10,2,1/1/2008,0,Quarterly,EMPLOYER QUARTERLY UT FORMULA
150000,10,2,1/1/2010,0,Quarterly,EMPLOYER QUARTERLY UT FORMULA
150000,10,2,1/1/2011,0,Quarterly,EMPLOYER QUARTERLY UT FORMULA
150000,10,2,1/1/2012,0,Quarterly,EMPLOYER QUARTERLY UT FORMULA
150000,10,2,1/1/2013,0,Quarterly,EMPLOYER QUARTERLY UT FORMULA
150000,10,2,1/1/2014,0,Quarterly,EMPLOYER QUARTERLY UT FORMULA
150000,10,2,1/1/2015,0,Quarterly,EMPLOYER QUARTERLY UT FORMULA
150000,10,2,1/1/2016,0,Quarterly,EMPLOYER QUARTERLY UT FORMULA
150000,10,2,1/1/2017,0,Quarterly,EMPLOYER QUARTERLY UT FORMULA
150000,10,2,1/1/2018,0,Quarterly,EMPLOYER QUARTERLY UT FORMULA
150000,10,2,1/1/2019,0,Quarterly,EMPLOYER QUARTERLY UT FORMULA
150000,10,2,1/1/2020,0,Quarterly,EMPLOYER QUARTERLY UT FORMULA
150000,16,2,1/1/2008,0,Quarterly,QTRLY EMPLOYMENT AND TRAINING TAX
150000,16,2,1/1/2010,0,Quarterly,QTRLY EMPLOYMENT AND TRAINING TAX
150000,16,2,1/1/2011,0,Quarterly,QTRLY EMPLOYMENT AND TRAINING TAX
150000,16,2,1/1/2012,0,Quarterly,QTRLY EMPLOYMENT AND TRAINING TAX
150000,16,2,1/1/2013,0,Quarterly,QTRLY EMPLOYMENT AND TRAINING TAX
150000,16,2,1/1/2014,0,Quarterly,QTRLY EMPLOYMENT AND TRAINING TAX
150000,16,2,1/1/2015,0,Quarterly,QTRLY EMPLOYMENT AND TRAINING TAX
150000,16,2,1/1/2016,0,Quarterly,QTRLY EMPLOYMENT AND TRAINING TAX
150000,16,2,1/1/2017,0,Quarterly,QTRLY EMPLOYMENT AND TRAINING TAX
150000,16,2,1/1/2018,0,Quarterly,QTRLY EMPLOYMENT AND TRAINING TAX
150000,16,2,1/1/2019,0,Quarterly,QTRLY EMPLOYMENT AND TRAINING TAX
150000,16,2,1/1/2020,0,Quarterly,QTRLY EMPLOYMENT AND TRAINING TAX
160000,10,2,1/1/2008,0,Quarterly,EMPLOYER QUARTERLY UT FORMULA
160000,10,2,1/1/2009,0,Quarterly,EMPLOYER QUARTERLY UT FORMULA
160000,10,2,1/1/2010,0,Quarterly,EMPLOYER QUARTERLY UT FORMULA
160000,10,2,1/1/2011,0,Quarterly,EMPLOYER QUARTERLY UT FORMULA
160000,10,2,1/1/2012,0,Quarterly,EMPLOYER QUARTERLY UT FORMULA
160000,10,2,1/1/2013,0,Quarterly,EMPLOYER QUARTERLY UT FORMULA
160000,10,2,1/1/2014,0,Quarterly,EMPLOYER QUARTERLY UT FORMULA
160000,10,2,1/1/2015,0,Quarterly,EMPLOYER QUARTERLY UT FORMULA
160000,10,2,1/1/2016,0,Quarterly,EMPLOYER QUARTERLY UT FORMULA
160000,10,2,1/1/2017,0,Quarterly,EMPLOYER QUARTERLY UT FORMULA
160000,10,2,1/1/2018,0,Quarterly,EMPLOYER QUARTERLY UT FORMULA
160000,10,2,1/1/2019,0,Quarterly,EMPLOYER QUARTERLY UT FORMULA
160000,10,2,1/1/2020,0,Quarterly,EMPLOYER QUARTERLY UT FORMULA
160000,18,2,1/1/2008,0,Quarterly,ER  QUARTERLY WORKFORCE DEVELOPMENT
160000,18,2,1/1/2009,0,Quarterly,ER  QUARTERLY WORKFORCE DEVELOPMENT
160000,18,2,1/1/2010,0,Quarterly,ER  QUARTERLY WORKFORCE DEVELOPMENT
160000,18,2,1/1/2012,0,Quarterly,ER  QUARTERLY WORKFORCE DEVELOPMENT
160000,18,2,1/1/2013,0,Quarterly,ER  QUARTERLY WORKFORCE DEVELOPMENT
160000,18,2,1/1/2014,0,Quarterly,ER  QUARTERLY WORKFORCE DEVELOPMENT
160000,18,2,1/1/2015,0,Quarterly,ER  QUARTERLY WORKFORCE DEVELOPMENT
160000,18,2,1/1/2016,0,Quarterly,ER  QUARTERLY WORKFORCE DEVELOPMENT
160000,18,2,1/1/2017,0,Quarterly,ER  QUARTERLY WORKFORCE DEVELOPMENT
160000,18,2,1/1/2018,0,Quarterly,ER QUARTERLY WORKFORCE DEVELOPMENT
160000,18,2,1/1/2019,0,Quarterly,ER QUARTERLY WORKFORCE DEVELOPMENT
160000,18,2,1/1/2020,0,Quarterly,ER QUARTERLY WORKFORCE DEVELOPMENT
160000,29,2,1/1/2008,0,Quarterly,QRTRLY ADMIN RESERVE FUND FORMULA
160000,29,2,1/1/2009,0,Quarterly,QRTRLY ADMIN RESERVE FUND FORMULA
160000,29,2,1/1/2010,0,Quarterly,QRTRLY ADMIN RESERVE FUND FORMULA
160000,29,2,1/1/2012,0,Quarterly,QRTRLY ADMIN RESERVE FUND FORMULA
160000,29,2,1/1/2013,0,Quarterly,QRTRLY ADMIN RESERVE FUND FORMULA
160000,29,2,1/1/2014,0,Quarterly,QRTRLY ADMIN RESERVE FUND FORMULA
160000,29,2,1/1/2015,0,Quarterly,QRTRLY ADMIN RESERVE FUND FORMULA
160000,29,2,1/1/2016,0,Quarterly,QRTRLY ADMIN RESERVE FUND FORMULA
160000,29,2,1/1/2017,0,Quarterly,QRTRLY ADMIN RESERVE FUND FORMULA
160000,29,2,1/1/2018,0,Quarterly,QRTRLY ADMIN RESERVE FUND FORMULA
160000,29,2,1/1/2019,0,Quarterly,QRTRLY ADMIN RESERVE FUND FORMULA
160000,29,2,1/1/2020,0,Quarterly,QRTRLY ADMIN RESERVE FUND FORMULA
170000,10,2,1/1/2008,0,Quarterly,EMPLOYER QUARTERLY UT FORMULA
170000,10,2,1/1/2009,0,Quarterly,EMPLOYER QUARTERLY UT FORMULA
170000,10,2,1/1/2010,0,Quarterly,EMPLOYER QUARTERLY UT FORMULA
170000,10,2,1/1/2011,0,Quarterly,EMPLOYER QUARTERLY UT FORMULA
170000,10,2,1/1/2012,0,Quarterly,EMPLOYER QUARTERLY UT FORMULA
170000,10,2,1/1/2013,0,Quarterly,EMPLOYER QUARTERLY UT FORMULA
170000,10,2,1/1/2014,0,Quarterly,EMPLOYER QUARTERLY UT FORMULA
170000,10,2,1/1/2015,0,Quarterly,EMPLOYER QUARTERLY UT FORMULA
170000,10,2,1/1/2016,0,Quarterly,EMPLOYER QUARTERLY UT FORMULA
170000,10,2,1/1/2017,0,Quarterly,EMPLOYER QUARTERLY UT FORMULA
170000,10,2,1/1/2018,0,Quarterly,EMPLOYER QUARTERLY UT FORMULA
170000,10,2,1/1/2019,0,Quarterly,EMPLOYER QUARTERLY UT FORMULA
170000,10,2,1/1/2020,0,Quarterly,EMPLOYER QUARTERLY UT FORMULA
180000,10,2,1/1/1983,0,Quarterly,EMPLOYER QUARTERLY UT FORMULA
180000,10,2,1/1/2010,0,Quarterly,EMPLOYER QUARTERLY UT FORMULA
180000,10,2,1/2/2010,0,Quarterly,EMPLOYER QUARTERLY UT FORMULA
180000,10,2,1/1/2011,0,Quarterly,EMPLOYER QUARTERLY UT FORMULA
180000,10,2,1/1/2013,0,Quarterly,EMPLOYER QUARTERLY UT FORMULA
190000,10,2,1/1/2008,0,Quarterly,EMPLOYER QUARTERLY UT FORMULA
190000,10,2,1/1/2009,0,Quarterly,EMPLOYER QUARTERLY UT FORMULA
190000,10,2,1/1/2010,0,Quarterly,EMPLOYER QUARTERLY UT FORMULA
190000,10,2,1/1/2011,0,Quarterly,EMPLOYER QUARTERLY UT FORMULA
190000,10,2,1/1/2012,0,Quarterly,EMPLOYER QUARTERLY UT FORMULA
190000,10,2,1/1/2013,0,Quarterly,EMPLOYER QUARTERLY UT FORMULA
190000,10,2,1/1/2014,0,Quarterly,EMPLOYER QUARTERLY UT FORMULA
190000,10,2,1/1/2015,0,Quarterly,EMPLOYER QUARTERLY UT FORMULA
190000,10,2,1/1/2016,0,Quarterly,EMPLOYER QUARTERLY UT FORMULA
190000,10,2,1/1/2017,0,Quarterly,EMPLOYER QUARTERLY UT FORMULA
190000,10,2,1/1/2018,0,Quarterly,EMPLOYER QUARTERLY UT FORMULA
190000,10,2,1/1/2019,0,Quarterly,EMPLOYER QUARTERLY UT FORMULA
190000,10,2,1/1/2020,0,Quarterly,EMPLOYER QUARTERLY UT FORMULA
190000,29,2,1/1/2008,0,Quarterly,QRTLY ADMIN RESERVE FUND FORMULA
190000,29,2,1/1/2009,0,Quarterly,QRTLY ADMIN RESERVE FUND FORMULA
190000,29,2,1/1/2010,0,Quarterly,QRTLY ADMIN RESERVE FUND FORMULA
190000,29,2,1/1/2011,0,Quarterly,QRTLY ADMIN RESERVE FUND FORMULA
190000,29,2,1/1/2012,0,Quarterly,QRTLY ADMIN RESERVE FUND FORMULA
190000,29,2,1/1/2013,0,Quarterly,QRTLY ADMIN RESERVE FUND FORMULA
190000,29,2,1/1/2014,0,Quarterly,QRTLY ADMIN RESERVE FUND FORMULA
190000,29,2,1/1/2015,0,Quarterly,QRTLY ADMIN RESERVE FUND FORMULA
190000,29,2,1/1/2016,0,Quarterly,QRTLY ADMIN RESERVE FUND FORMULA
190000,29,2,1/1/2017,0,Quarterly,QRTLY ADMIN RESERVE FUND FORMULA
190000,29,2,1/1/2018,0,Quarterly,QRTLY ADMIN RESERVE FUND FORMULA
190000,29,2,1/1/2019,0,Quarterly,QRTLY ADMIN RESERVE FUND FORMULA
190000,29,2,1/1/2020,0,Quarterly,QRTLY ADMIN RESERVE FUND FORMULA
200000,10,2,1/1/1984,0,Quarterly,EMPLOYER QUARTERLY UT FORMULA
200000,10,2,1/1/2011,0,Quarterly,EMPLOYER QUARTERLY UT FORMULA
200000,10,2,1/1/2013,0,Quarterly,EMPLOYER QUARTERLY UT FORMULA
200000,10,2,1/1/2014,0,Quarterly,EMPLOYER QUARTERLY UT FORMULA
200000,10,2,1/1/2015,0,Quarterly,EMPLOYER QUARTERLY UT FORMULA
200000,10,2,1/1/2016,0,Quarterly,EMPLOYER QUARTERLY UT FORMULA
200000,10,4,1/1/2015,0,Quarterly,QTRLY RATED GOVT UNEMPLOYMENT  FORM
200000,10,4,1/1/2016,0,Quarterly,QTRLY RATED GOVT UNEMPLOYMENT  FORM
210000,10,2,1/1/1982,0,Quarterly,EMPLOYER QUARTERLY UT FORMULA
210000,10,2,1/1/2012,0,Quarterly,EMPLOYER QUARTERLY UT FORMULA
210000,10,2,1/1/2013,0,Quarterly,EMPLOYER QUARTERLY UT FORMULA
210000,10,2,1/1/2014,0,Quarterly,EMPLOYER QUARTERLY UT FORMULA
210000,10,2,1/1/2015,0,Quarterly,EMPLOYER QUARTERLY UT FORMULA
210000,10,2,1/1/2016,0,Quarterly,EMPLOYER QUARTERLY UT FORMULA
210000,10,2,1/1/2019,0,Quarterly,EMPLOYER QUARTERLY UT FORMULA
210000,10,2,1/1/2020,0,Quarterly,EMPLOYER QUARTERLY UT FORMULA
210000,78,2,1/1/2014,0,Quarterly,QUARTERLY ER UNEMPLOYMENT TAX
210000,78,2,1/1/2015,0,Quarterly,QUARTERLY ER UNEMPLOYMENT TAX
210000,78,2,1/1/2016,20160630,Quarterly,QUARTERLY ER UNEMPLOYMENT TAX
210000,78,2,7/1/2018,0,Quarterly,QTRLY SVC CAPACITY UPGRADE FUND
210000,78,2,1/1/2019,0,Quarterly,QTRLY SVC CAPACITY UPGRADE FUND
210000,78,2,1/1/2020,0,Quarterly,QTRLY SVC CAPACITY UPGRADE FUND
220000,8,2,1/1/1998,0,Quarterly,ER QUARTERLY SOCIAL CHARGE FORMULA
220000,8,2,1/1/2010,0,Quarterly,ER QUARTERLY SOCIAL CHARGE FORMULA
220000,8,2,1/1/2013,0,Quarterly,ER QUARTERLY SOCIAL CHARGE FORMULA
220000,10,2,1/1/1998,0,Quarterly,EMPLOYER QUARTERLY UT FORMULA
220000,10,2,1/1/2010,0,Quarterly,EMPLOYER QUARTERLY UT FORMULA
220000,10,2,1/1/2011,0,Quarterly,EMPLOYER QUARTERLY UT FORMULA
220000,10,2,1/1/2013,0,Quarterly,EMPLOYER QUARTERLY UT FORMULA
230000,10,2,1/1/2000,0,Quarterly,EMPLOYER QUARTERLY UT FORMULA
230000,10,2,1/1/2011,0,Quarterly,EMPLOYER QUARTERLY UT FORMULA
230000,10,2,1/1/2012,0,Quarterly,EMPLOYER QUARTERLY UT FORMULA
230000,10,2,1/1/2013,0,Quarterly,EMPLOYER QUARTERLY UT FORMULA
230000,10,2,1/1/2014,0,Quarterly,EMPLOYER QUARTERLY UT FORMULA
230000,10,2,1/1/2015,0,Quarterly,EMPLOYER QUARTERLY UT FORMULA
230000,10,2,1/1/2016,0,Quarterly,EMPLOYER QUARTERLY UT FORMULA
230000,10,2,1/1/2017,0,Quarterly,EMPLOYER QUARTERLY UT FORMULA
230000,10,2,1/1/2019,0,Quarterly,EMPLOYER QUARTERLY UT FORMULA
230000,10,2,1/1/2020,0,Quarterly,EMPLOYER QUARTERLY UT FORMULA
230000,85,2,1/1/2008,0,Quarterly,QUARTERLY COMP SKILLS SCHLR FUND
230000,85,2,1/1/2010,0,Quarterly,QUARTERLY COMP SKILLS SCHLR FUND
230000,85,2,1/1/2013,0,Quarterly,QUARTERLY COMP SKILLS SCHLR FUND
240000,10,2,1/1/1993,0,Quarterly,EMPLOYER QUARTERLY UT FORMULA
240000,10,2,1/1/2011,0,Quarterly,EMPLOYER QUARTERLY UT FORMULA
240000,10,2,1/1/2013,0,Quarterly,EMPLOYER QUARTERLY UT FORMULA
250000,10,2,1/1/2004,0,Quarterly,EMPLOYER QUARTERLY UT FORMULA
250000,10,2,1/1/2011,0,Quarterly,EMPLOYER QUARTERLY UT FORMULA
250000,10,2,1/1/2013,0,Quarterly,EMPLOYER QUARTERLY UT FORMULA
250000,10,2,1/1/2015,0,Quarterly,EMPLOYER QUARTERLY UT FORMULA
250000,10,2,1/1/2018,0,Quarterly,EMPLOYER QUARTERLY UT FORMULA
250000,10,2,1/1/2019,0,Quarterly,EMPLOYER QUARTERLY UT FORMULA
250000,17,2,1/1/1990,0,Quarterly,ER QRTLY HEALTH INSURANCE FORMULA
250000,17,2,1/1/2010,0,Quarterly,ER QRTLY HEALTH INSURANCE FORMULA
250000,17,2,1/1/2011,0,Quarterly,ER QRTLY HEALTH INSURANCE FORMULA
250000,17,2,1/1/2012,20131231,Quarterly,ER QRTLY HEALTH INSURANCE FORMULA
250000,17,2,1/1/2013,20131231,Quarterly,ER QRTLY HEALTH INSURANCE FORMULA
250000,17,2,1/2/2013,0,Quarterly,ER QRTLY HEALTH INSURANCE FORMULA
250000,18,2,1/1/2004,0,Quarterly,QUARTERLY WORKFORCE TRAINING FUND
250000,18,2,1/1/2013,0,Quarterly,QUARTERLY WORKFORCE TRAINING FUND
250000,18,2,1/1/2015,0,Quarterly,QUARTERLY WORKFORCE TRAINING FUND
250000,92,2,1/1/2014,0,Quarterly,ER QRTLY MED ASST CONTRIB FORMULA
250000,92,2,1/1/2015,0,Quarterly,ER QRTLY MED ASST CONTRIB FORMULA
250000,92,2,7/1/2017,0,Quarterly,ER QRTLY MED ASST CONTRIB FORMULA
250000,92,2,1/1/2018,0,Quarterly,ER QRTLY MED ASST CONTRIB FORMULA
250000,92,2,1/1/2020,0,Quarterly,ER QRTLY MED ASST CONTRIB FORMULA
260000,10,2,1/1/2003,0,Quarterly,EMPLOYER QUARTERLY UT FORMULA
260000,10,2,1/1/2012,0,Quarterly,EMPLOYER QUARTERLY UT FORMULA
260000,10,2,1/2/2012,0,Quarterly,EMPLOYER QUARTERLY UT FORMULA
260000,10,2,1/1/2013,0,Quarterly,EMPLOYER QUARTERLY UT FORMULA
260000,10,2,7/1/2015,0,Quarterly,EMPLOYER QUARTERLY UT FORMULA
260000,10,2,1/1/2016,0,Quarterly,EMPLOYER QUARTERLY UT FORMULA
260000,10,4,1/1/2016,0,Quarterly,ER QUARTERLY UT FORMULA - TIER 2
260000,82,2,1/1/2012,0,Quarterly,ER QTR UNEML SOLVENCY TAX SURCHARGE
260000,82,2,1/2/2012,0,Quarterly,ER QTR UNEML SOLVENCY TAX SURCHARGE
260000,82,2,1/1/2013,0,Quarterly,ER QTR UNEML SOLVENCY TAX SURCHARGE
260000,82,2,7/1/2015,0,Quarterly,ER QTR UNEML SOLVENCY TAX SURCHARGE
260000,82,2,1/1/2016,0,Quarterly,ER QTR UNEML SOLVENCY TAX SURCHARGE
260000,82,4,1/1/2016,0,Quarterly,ER QTR UNEML SOLV TAX SURCH -TIER 2
260000,89,2,7/1/2012,0,Quarterly,QTRLY UI INTRST ASSMNT FEE
260000,89,2,1/1/2013,0,Quarterly,QTRLY UI INTRST ASSMNT FEE
260000,89,2,7/1/2015,0,Quarterly,QTRLY UI INTRST ASSMNT FEE
260000,89,2,1/1/2016,0,Quarterly,QTRLY UI INTRST ASSMNT FEE
260000,89,2,1/1/2020,0,Quarterly,QTRLY UI INTRST ASSMNT FEE
260000,89,4,1/1/2016,0,Quarterly,QTRLY UI INTRST ASSMNT FEE - TIER 2
260000,89,4,1/1/2020,0,Quarterly,QTRLY UI INTRST ASSMNT FEE - TIER 2
270000,10,2,1/1/2008,0,Quarterly,EMPLOYER QUARTERLY UT FORMULA
270000,10,2,1/1/2009,0,Quarterly,EMPLOYER QUARTERLY UT FORMULA
270000,10,2,1/1/2010,0,Quarterly,EMPLOYER QUARTERLY UT FORMULA
270000,10,2,1/1/2011,0,Quarterly,EMPLOYER QUARTERLY UT FORMULA
270000,10,2,1/1/2012,0,Quarterly,EMPLOYER QUARTERLY UT FORMULA
270000,10,2,1/1/2013,0,Quarterly,EMPLOYER QUARTERLY UT FORMULA
270000,10,2,1/2/2013,0,Quarterly,EMPLOYER QUARTERLY UT FORMULA
270000,10,2,1/3/2013,0,Quarterly,EMPLOYER QUARTERLY UT FORMULA
270000,10,2,1/1/2014,0,Quarterly,EMPLOYER QUARTERLY UT FORMULA
270000,10,2,1/1/2015,0,Quarterly,EMPLOYER QUARTERLY UT FORMULA
270000,10,2,1/1/2016,0,Quarterly,EMPLOYER QUARTERLY UT FORMULA
270000,10,2,1/1/2017,0,Quarterly,EMPLOYER QUARTERLY UT FORMULA
270000,10,2,1/1/2018,0,Quarterly,EMPLOYER QUARTERLY UT FORMULA
270000,10,2,1/1/2019,0,Quarterly,EMPLOYER QUARTERLY UT FORMULA
270000,10,2,1/1/2020,0,Quarterly,EMPLOYER QUARTERLY UT FORMULA
270000,15,2,1/1/2009,0,Monthly,ER QRTRLY UT ADDITIONAL ASSESSMENT
270000,15,2,1/1/2010,0,Monthly,ER QRTRLY UT ADDITIONAL ASSESSMENT
270000,15,2,1/1/2013,0,Monthly,ER QRTRLY UT ADDITIONAL ASSESSMENT
270000,15,2,1/2/2013,0,Monthly,ER QRTRLY UT ADDITIONAL ASSESSMENT
270000,15,2,1/1/2014,0,Monthly,ER QRTRLY UT ADDITIONAL ASSESSMENT
270000,15,2,1/1/2015,0,Monthly,ER QRTRLY UT ADDITIONAL ASSESSMENT
270000,15,2,1/1/2016,0,Monthly,ER QRTRLY UT ADDITIONAL ASSESSMENT
270000,15,2,1/1/2017,0,Monthly,ER QRTRLY UT ADDITIONAL ASSESSMENT
270000,15,2,1/1/2019,0,Monthly,ER QRTRLY UT ADDITIONAL ASSESSMENT
270000,15,2,1/1/2020,0,Monthly,ER QRTRLY UT ADDITIONAL ASSESSMENT
270000,36,2,1/1/2008,0,Quarterly,QUARTERLY WORKFORCE ENHANCEMENT FEE
270000,36,2,1/1/2009,0,Quarterly,QUARTERLY WORKFORCE ENHANCEMENT FEE
270000,36,2,7/1/2009,0,Quarterly,QUARTERLY WORKFORCE ENHANCEMENT FEE
270000,36,2,1/1/2010,0,Quarterly,QUARTERLY WORKFORCE ENHANCEMENT FEE
270000,36,2,7/1/2011,0,Quarterly,QUARTERLY WORKFORCE ENHANCEMENT FEE
270000,36,2,1/1/2012,0,Quarterly,QUARTERLY WORKFORCE ENHANCEMENT FEE
270000,36,2,1/1/2013,0,Quarterly,QUARTERLY WORKFORCE ENHANCEMENT FEE
270000,36,2,1/2/2013,0,Quarterly,QUARTERLY WORKFORCE ENHANCEMENT FEE
270000,36,2,1/3/2013,0,Quarterly,QUARTERLY WORKFORCE ENHANCEMENT FEE
270000,36,2,1/1/2015,0,Quarterly,QUARTERLY WORKFORCE ENHANCEMENT FEE
270000,36,2,1/1/2016,0,Quarterly,QUARTERLY WORKFORCE ENHANCEMENT FEE
270000,36,2,1/1/2017,0,Quarterly,QUARTERLY WORKFORCE ENHANCEMENT FEE
270000,36,2,1/1/2019,0,Quarterly,QUARTERLY WORKFORCE ENHANCEMENT FEE
270000,36,2,1/1/2020,0,Quarterly,QUARTERLY WORKFORCE ENHANCEMENT FEE
270000,89,2,1/1/2011,0,Monthly,QTRLY UI INTRST ASSMNT FEE
270000,89,2,1/1/2012,0,Monthly,QTRLY UI INTRST ASSMNT FEE
270000,89,2,1/1/2013,0,Monthly,QTRLY UI INTRST ASSMNT FEE
270000,89,2,1/2/2013,0,Monthly,QTRLY UI INTRST ASSMNT FEE
270000,89,2,1/3/2013,0,Monthly,QTRLY UI INTRST ASSMNT FEE
270000,89,2,1/1/2015,0,Monthly,QTRLY UI INTRST ASSMNT FEE
270000,89,2,1/1/2016,0,Monthly,QTRLY UI INTRST ASSMNT FEE
270000,89,2,1/1/2017,0,Monthly,QTRLY UI INTRST ASSMNT FEE
270000,89,2,1/1/2019,0,Monthly,QTRLY UI INTRST ASSMNT FEE
270000,89,2,1/1/2020,0,Monthly,QTRLY UI INTRST ASSMNT FEE
280000,10,2,1/1/1993,0,Quarterly,EMPLOYER QUARTERLY UT FORMULA
280000,10,2,1/1/2011,0,Quarterly,EMPLOYER QUARTERLY UT FORMULA
280000,10,2,1/1/2013,0,Quarterly,EMPLOYER QUARTERLY UT FORMULA
280000,10,2,1/1/2014,0,Quarterly,EMPLOYER QUARTERLY UT FORMULA
280000,10,2,1/1/2017,0,Quarterly,EMPLOYER QUARTERLY UT FORMULA
280000,10,2,1/1/2020,0,Quarterly,EMPLOYER QUARTERLY UT FORMULA
280000,16,2,1/1/2005,0,Quarterly,ER QTRLY EMPLOYMENT TRAINING TAX
280000,16,2,1/1/2011,0,Quarterly,ER QTRLY EMPLOYMENT TRAINING TAX
280000,16,2,1/1/2013,0,Quarterly,ER QTRLY EMPLOYMENT TRAINING TAX
280000,16,2,1/1/2014,0,Quarterly,ER QTRLY EMPLOYMENT TRAINING TAX
280000,16,2,1/1/2015,0,Quarterly,ER QTRLY EMPLOYMENT TRAINING TAX
280000,16,2,1/1/2016,0,Quarterly,ER QTRLY EMPLOYMENT TRAINING TAX
280000,16,2,1/1/2017,0,Quarterly,ER QTRLY EMPLOYMENT TRAINING TAX
290000,10,2,1/1/2008,0,Quarterly,EMPLOYER QUARTERLY UT FORMULA
290000,10,2,1/1/2009,0,Quarterly,EMPLOYER QUARTERLY UT FORMULA
290000,10,2,1/1/2010,0,Quarterly,EMPLOYER QUARTERLY UT FORMULA
290000,10,2,1/1/2011,0,Quarterly,EMPLOYER QUARTERLY UT FORMULA
290000,10,2,1/1/2013,0,Quarterly,EMPLOYER QUARTERLY UT FORMULA
290000,10,2,1/1/2017,0,Quarterly,EMPLOYER QUARTERLY UT FORMULA
290000,10,2,1/1/2018,0,Quarterly,EMPLOYER QUARTERLY UT FORMULA
290000,10,2,1/1/2019,0,Quarterly,EMPLOYER QUARTERLY UT FORMULA
290000,10,2,1/1/2020,0,Quarterly,EMPLOYER QUARTERLY UT FORMULA
290000,39,2,1/1/2009,0,Quarterly,UNEMPLOYMENT QTRLY AUTOMATION FUND
290000,39,2,1/1/2010,20110331,Quarterly,UNEMPLOYMENT QTRLY AUTOMATION FUND
300000,10,2,1/1/2008,0,Quarterly,EMPLOYER QUARTERLY UT FORMULA
300000,10,2,1/1/2009,0,Quarterly,EMPLOYER QUARTERLY UT FORMULA
300000,10,2,1/1/2010,0,Quarterly,EMPLOYER QUARTERLY UT FORMULA
300000,10,2,1/1/2011,0,Quarterly,EMPLOYER QUARTERLY UT FORMULA
300000,10,2,1/1/2012,0,Quarterly,EMPLOYER QUARTERLY UT FORMULA
300000,10,2,1/1/2013,0,Quarterly,EMPLOYER QUARTERLY UT FORMULA
300000,10,2,1/1/2014,0,Quarterly,EMPLOYER QUARTERLY UT FORMULA
300000,10,2,1/1/2015,0,Quarterly,EMPLOYER QUARTERLY UT FORMULA
300000,10,2,1/1/2016,0,Quarterly,EMPLOYER QUARTERLY UT FORMULA
300000,10,2,1/1/2017,0,Quarterly,EMPLOYER QUARTERLY UT FORMULA
300000,10,2,1/1/2018,0,Quarterly,EMPLOYER QUARTERLY UT FORMULA
300000,10,2,1/1/2019,0,Quarterly,EMPLOYER QUARTERLY UT FORMULA
300000,10,2,1/1/2020,0,Quarterly,EMPLOYER QUARTERLY UT FORMULA
300000,39,2,1/1/2008,0,Quarterly,ER EMPLOYMENT ADMINISTRATION FUND
300000,39,2,1/1/2009,0,Quarterly,ER EMPLOYMENT ADMINISTRATION FUND
300000,39,2,1/1/2010,0,Quarterly,ER EMPLOYMENT ADMINISTRATION FUND
300000,39,2,1/1/2011,0,Quarterly,ER EMPLOYMENT ADMINISTRATION FUND
300000,39,2,1/1/2012,0,Quarterly,ER EMPLOYMENT ADMINISTRATION FUND
300000,39,2,1/1/2013,0,Quarterly,ER EMPLOYMENT ADMINISTRATION FUND
300000,39,2,1/1/2014,0,Quarterly,ER EMPLOYMENT ADMINISTRATION FUND
300000,39,2,1/1/2015,0,Quarterly,ER EMPLOYMENT ADMINISTRATION FUND
300000,39,2,1/1/2016,0,Quarterly,ER EMPLOYMENT ADMINISTRATION FUND
300000,39,2,1/1/2017,0,Quarterly,ER EMPLOYMENT ADMINISTRATION FUND
300000,39,2,1/1/2018,0,Quarterly,ER EMPLOYMENT ADMINISTRATION FUND
300000,39,2,1/1/2019,0,Quarterly,ER EMPLOYMENT ADMINISTRATION FUND
300000,39,2,1/1/2020,0,Quarterly,ER EMPLOYMENT ADMINISTRATION FUND
310000,7,2,1/1/2008,0,Quarterly,ER QUARTERLY STATE UNEMPLOYMENT INS
310000,7,2,1/1/2013,0,Quarterly,ER QUARTERLY STATE UNEMPLOYMENT INS
310000,7,2,1/1/2020,0,Quarterly,QRTLY ERS IN UI TAX CATEGORY 1-19
310000,7,4,1/1/2020,0,Quarterly,QRTLY ERS IN UI TAX CATEGORY 20
310000,10,2,1/1/2007,0,Quarterly,EMPLOYER QUARTERLY UT FORMULA
310000,10,2,1/1/2011,0,Quarterly,EMPLOYER QUARTERLY UT FORMULA
310000,10,2,1/1/2012,0,Quarterly,EMPLOYER QUARTERLY UT FORMULA
310000,10,2,1/1/2013,0,Quarterly,EMPLOYER QUARTERLY UT FORMULA
310000,10,2,1/1/2015,0,Quarterly,EMPLOYER QUARTERLY UT FORMULA
310000,10,2,1/1/2020,0,Quarterly,QRTLY ERS IN UI TAX CATEGORY 1-19
310000,10,4,1/1/2020,0,Quarterly,QRTLY ERS IN UI TAX CATEGORY 20
320000,10,2,1/1/2008,0,Quarterly,EMPLOYER QUARTERLY UT FORMULA
320000,10,2,1/1/2009,0,Quarterly,EMPLOYER QUARTERLY UT FORMULA
320000,10,2,1/1/2010,0,Quarterly,EMPLOYER QUARTERLY UT FORMULA
320000,10,2,1/1/2011,0,Quarterly,EMPLOYER QUARTERLY UT FORMULA
320000,10,2,1/1/2012,0,Quarterly,EMPLOYER QUARTERLY UT FORMULA
320000,10,2,1/2/2012,0,Quarterly,EMPLOYER QUARTERLY UT FORMULA
320000,10,2,1/1/2013,0,Quarterly,EMPLOYER QUARTERLY UT FORMULA
320000,10,2,1/1/2014,0,Quarterly,EMPLOYER QUARTERLY UT FORMULA
320000,10,2,1/1/2015,0,Quarterly,EMPLOYER QUARTERLY UT FORMULA
320000,10,2,1/1/2016,0,Quarterly,EMPLOYER QUARTERLY UT FORMULA
320000,10,2,1/1/2017,0,Quarterly,EMPLOYER QUARTERLY UT FORMULA
320000,10,2,1/1/2018,0,Quarterly,EMPLOYER QUARTERLY UT FORMULA
320000,10,2,1/1/2019,0,Quarterly,EMPLOYER QUARTERLY UT FORMULA
320000,10,2,1/1/2020,0,Quarterly,EMPLOYER QUARTERLY UT FORMULA
320000,16,2,1/1/2008,0,Quarterly,QTR CAREER ENHANCEMENT PROG FORMULA
320000,16,2,1/1/2009,0,Quarterly,QTR CAREER ENHANCEMENT PROG FORMULA
320000,16,2,1/1/2010,0,Quarterly,QTR CAREER ENHANCEMENT PROG FORMULA
320000,16,2,1/1/2011,0,Quarterly,QTR CAREER ENHANCEMENT PROG FORMULA
320000,16,2,1/1/2012,0,Quarterly,QTR CAREER ENHANCEMENT PROG FORMULA
320000,16,2,1/1/2013,0,Quarterly,QTR CAREER ENHANCEMENT PROG FORMULA
320000,16,2,1/1/2014,0,Quarterly,QTR CAREER ENHANCEMENT PROG FORMULA
320000,16,2,1/1/2015,0,Quarterly,QTR CAREER ENHANCEMENT PROG FORMULA
320000,16,2,1/1/2016,0,Quarterly,QTR CAREER ENHANCEMENT PROG FORMULA
320000,16,2,1/1/2017,0,Quarterly,QTR CAREER ENHANCEMENT PROG FORMULA
320000,16,2,1/1/2018,0,Quarterly,QTR CAREER ENHANCEMENT PROG FORMULA
320000,16,2,1/1/2019,0,Quarterly,QTR CAREER ENHANCEMENT PROG FORMULA
320000,16,2,1/1/2020,0,Quarterly,QTR CAREER ENHANCEMENT PROG FORMULA
320000,89,2,1/1/2014,0,Quarterly,ER QUARTERLY BOND CONTRIB ASSMNT
320000,89,2,1/1/2015,0,Quarterly,ER QUARTERLY BOND CONTRIB ASSMNT
320000,89,2,1/1/2016,0,Quarterly,ER QUARTERLY BOND CONTRIB ASSMNT
320000,89,2,1/1/2017,0,Quarterly,ER QUARTERLY BOND CONTRIB ASSMNT
320000,89,2,10/1/2017,20170930,Quarterly,ER QUARTERLY BOND CONTRIB ASSMNT
320000,89,2,1/1/2018,20171231,Quarterly,ER QUARTERLY BOND CONTRIB ASSMNT
330000,10,2,1/1/1994,0,Quarterly,EMPLOYER QUARTERLY UT FORMULA
330000,10,2,1/1/2010,0,Quarterly,EMPLOYER QUARTERLY UT FORMULA
330000,10,2,1/1/2011,0,Quarterly,EMPLOYER QUARTERLY UT FORMULA
330000,10,2,1/1/2012,0,Quarterly,EMPLOYER QUARTERLY UT FORMULA
330000,10,2,10/1/2012,0,Quarterly,EMPLOYER QUARTERLY UT FORMULA
330000,10,2,1/1/2013,0,Quarterly,EMPLOYER QUARTERLY UT FORMULA
330000,10,2,10/1/2015,0,Quarterly,EMPLOYER QUARTERLY UT FORMULA
330000,10,2,10/1/2018,0,Quarterly,EMPLOYER QUARTERLY UT FORMULA
330000,10,2,1/1/2020,0,Quarterly,EMPLOYER QUARTERLY UT FORMULA
330000,10,2,4/1/2020,0,Quarterly,EMPLOYER QUARTERLY UT FORMULA
330000,29,2,1/1/2002,0,Quarterly,QUARTERLY ADMINIS RESERVE FUND FORM
330000,29,2,4/1/2007,0,Quarterly,QUARTERLY ADMINIS RESERVE FUND FORM
330000,29,2,1/1/2010,0,Quarterly,QUARTERLY ADMINIS RESERVE FUND FORM
330000,29,2,1/1/2011,0,Quarterly,QUARTERLY ADMINIS RESERVE FUND FORM
330000,29,2,1/1/2012,0,Quarterly,QUARTERLY ADMINIS RESERVE FUND FORM
330000,29,2,1/1/2013,0,Quarterly,QUARTERLY ADMINIS RESERVE FUND FORM
330000,29,2,1/1/2020,0,Quarterly,QUARTERLY ADMINIS RESERVE FUND FORM
340000,10,2,1/1/2001,0,Quarterly,EMPLOYER QUARTERLY UT FORMULA
340000,10,2,1/1/2002,0,Quarterly,EMPLOYER QUARTERLY UT FORMULA
340000,10,2,1/1/2003,0,Quarterly,EMPLOYER QUARTERLY UT FORMULA
340000,10,2,1/1/2004,0,Quarterly,EMPLOYER QUARTERLY UT FORMULA
340000,10,2,1/1/2005,0,Quarterly,EMPLOYER QUARTERLY UT FORMULA
340000,10,2,1/1/2006,0,Quarterly,EMPLOYER QUARTERLY UT FORMULA
340000,10,2,1/1/2007,0,Quarterly,EMPLOYER QUARTERLY UT FORMULA
340000,10,2,1/1/2008,0,Quarterly,EMPLOYER QUARTERLY UT FORMULA
340000,10,2,1/1/2009,0,Quarterly,EMPLOYER QUARTERLY UT FORMULA
340000,10,2,1/1/2010,0,Quarterly,EMPLOYER QUARTERLY UT FORMULA
340000,10,2,1/1/2011,0,Quarterly,EMPLOYER QUARTERLY UT FORMULA
340000,10,2,7/1/2011,0,Quarterly,EMPLOYER QUARTERLY UT FORMULA
340000,10,2,1/1/2012,0,Quarterly,EMPLOYER QUARTERLY UT FORMULA
340000,10,2,7/1/2012,0,Quarterly,EMPLOYER QUARTERLY UT FORMULA
340000,10,2,1/1/2013,0,Quarterly,EMPLOYER QUARTERLY UT FORMULA
340000,10,2,1/1/2014,0,Quarterly,EMPLOYER QUARTERLY UT FORMULA
340000,10,2,1/1/2015,0,Quarterly,EMPLOYER QUARTERLY UT FORMULA
340000,10,2,1/1/2016,0,Quarterly,EMPLOYER QUARTERLY UT FORMULA
340000,10,2,7/1/2016,0,Quarterly,EMPLOYER QUARTERLY UT FORMULA
340000,10,2,1/1/2017,0,Quarterly,EMPLOYER QUARTERLY UT FORMULA
340000,10,2,1/1/2018,0,Quarterly,EMPLOYER QUARTERLY UT FORMULA
340000,10,2,1/1/2019,0,Quarterly,EMPLOYER QUARTERLY UT FORMULA
340000,10,2,1/1/2020,0,Quarterly,EMPLOYER QUARTERLY UT FORMULA
340000,17,2,1/1/2002,0,Quarterly,ER QTRLY HLTH CARE SUB FUND FORMULA
340000,17,2,1/1/2003,0,Quarterly,ER QTRLY HLTH CARE SUB FUND FORMULA
340000,17,2,1/1/2004,0,Quarterly,ER QTRLY HLTH CARE SUB FUND FORMULA
340000,17,2,7/1/2004,0,Quarterly,ER QTRLY HLTH CARE SUB FUND FORMULA
340000,17,2,1/1/2005,0,Quarterly,ER QTRLY HLTH CARE SUB FUND FORMULA
340000,17,2,1/1/2006,0,Quarterly,ER QTRLY HLTH CARE SUB FUND FORMULA
340000,17,2,7/1/2006,0,Quarterly,ER QTRLY HLTH CARE SUB FUND FORMULA
340000,17,2,1/1/2007,0,Quarterly,ER QTRLY HLTH CARE SUB FUND FORMULA
340000,17,2,1/1/2008,0,Quarterly,ER QTRLY HLTH CARE SUB FUND FORMULA
340000,17,2,1/1/2009,0,Quarterly,ER QTRLY HLTH CARE SUB FUND FORMULA
340000,17,2,1/1/2010,0,Quarterly,ER QTRLY HLTH CARE SUB FUND FORMULA
340000,17,2,1/1/2011,0,Quarterly,ER QTRLY HLTH CARE SUB FUND FORMULA
340000,17,2,1/1/2012,0,Quarterly,ER QTRLY HLTH CARE SUB FUND FORMULA
340000,17,2,1/1/2013,0,Quarterly,ER QTRLY HLTH CARE SUB FUND FORMULA
340000,17,2,1/1/2014,0,Quarterly,ER QTRLY HLTH CARE SUB FUND FORMULA
340000,17,2,1/1/2015,0,Quarterly,ER QTRLY HLTH CARE SUB FUND FORMULA
340000,17,2,1/1/2016,0,Quarterly,ER QTRLY HLTH CARE SUB FUND FORMULA
340000,17,2,1/1/2017,0,Quarterly,ER QTRLY HLTH CARE SUB FUND FORMULA
340000,17,2,1/1/2018,0,Quarterly,ER QTRLY HLTH CARE SUB FUND FORMULA
340000,17,2,1/1/2019,0,Quarterly,ER QTRLY HLTH CARE SUB FUND FORMULA
340000,17,2,1/1/2020,0,Quarterly,ER QTRLY HLTH CARE SUB FUND FORMULA
340000,18,2,1/1/2002,0,Quarterly,ER QTR WR DEV/SUPMNTL WF FUNDS FORM
340000,18,2,1/1/2003,0,Quarterly,ER QTR WR DEV/SUPMNTL WF FUNDS FORM
340000,18,2,1/1/2004,0,Quarterly,ER QTR WR DEV/SUPMNTL WF FUNDS FORM
340000,18,2,1/1/2005,0,Quarterly,ER QTR WR DEV/SUPMNTL WF FUNDS FORM
340000,18,2,1/1/2006,0,Quarterly,ER QTR WR DEV/SUPMNTL WF FUNDS FORM
340000,18,2,1/1/2007,0,Quarterly,ER QTR WR DEV/SUPMNTL WF FUNDS FORM
340000,18,2,1/1/2008,0,Quarterly,ER QTR WR DEV/SUPMNTL WF FUNDS FORM
340000,18,2,1/1/2009,0,Quarterly,ER QTR WR DEV/SUPMNTL WF FUNDS FORM
340000,18,2,1/1/2010,0,Quarterly,ER QTR WR DEV/SUPMNTL WF FUNDS FORM
340000,18,2,1/1/2011,0,Quarterly,ER QTR WR DEV/SUPMNTL WF FUNDS FORM
340000,18,2,1/1/2012,0,Quarterly,ER QTR WR DEV/SUPMNTL WF FUNDS FORM
340000,18,2,1/1/2013,0,Quarterly,ER QTR WR DEV/SUPMNTL WF FUNDS FORM
340000,18,2,1/1/2014,0,Quarterly,ER QTR WR DEV/SUPMNTL WF FUNDS FORM
340000,18,2,1/1/2015,0,Quarterly,ER QTR WR DEV/SUPMNTL WF FUNDS FORM
340000,18,2,1/1/2016,0,Quarterly,ER QTR WR DEV/SUPMNTL WF FUNDS FORM
340000,18,2,1/1/2017,0,Quarterly,ER QTR WR DEV/SUPMNTL WF FUNDS FORM
340000,18,2,1/1/2018,0,Quarterly,ER QTR WR DEV/SUPMNTL WF FUNDS FORM
340000,18,2,1/1/2019,0,Quarterly,ER QTR WR DEV/SUPMNTL WF FUNDS FORM
340000,18,2,1/1/2020,0,Quarterly,ER QTR WR DEV/SUPMNTL WF FUNDS FORM
340000,20,2,1/1/2002,0,Quarterly,EMPLOYEE QUARTERLY UT FORMULA
340000,20,2,1/1/2003,0,Quarterly,EMPLOYEE QUARTERLY UT FORMULA
340000,20,2,7/1/2003,0,Quarterly,EMPLOYEE QUARTERLY UT FORMULA
340000,20,2,1/1/2004,0,Quarterly,EMPLOYEE QUARTERLY UT FORMULA
340000,20,2,7/1/2004,0,Quarterly,EMPLOYEE QUARTERLY UT FORMULA
340000,20,2,1/1/2005,0,Quarterly,EMPLOYEE QUARTERLY UT FORMULA
340000,20,2,1/1/2006,0,Quarterly,EMPLOYEE QUARTERLY UT FORMULA
340000,20,2,1/1/2007,0,Quarterly,EMPLOYEE QUARTERLY UT FORMULA
340000,20,2,1/1/2008,0,Quarterly,EMPLOYEE QUARTERLY UT FORMULA
340000,20,2,1/1/2009,0,Quarterly,EMPLOYEE QUARTERLY UT FORMULA
340000,20,2,1/1/2010,0,Quarterly,EMPLOYEE QUARTERLY UT FORMULA
340000,20,2,1/1/2011,0,Quarterly,EMPLOYEE QUARTERLY UT FORMULA
340000,20,2,1/1/2012,0,Quarterly,EMPLOYEE QUARTERLY UT FORMULA
340000,20,2,1/1/2013,0,Quarterly,EMPLOYEE QUARTERLY UT FORMULA
340000,20,2,1/1/2014,0,Quarterly,EMPLOYEE QUARTERLY UT FORMULA
340000,20,2,1/1/2015,0,Quarterly,EMPLOYEE QUARTERLY UT FORMULA
340000,20,2,1/1/2016,0,Quarterly,EMPLOYEE QUARTERLY UT FORMULA
340000,20,2,1/1/2017,0,Quarterly,EMPLOYEE QUARTERLY UT FORMULA
340000,20,2,1/1/2018,0,Quarterly,EMPLOYEE QUARTERLY UT FORMULA
340000,20,2,1/1/2019,0,Quarterly,EMPLOYEE QUARTERLY UT FORMULA
340000,20,2,1/1/2020,0,Quarterly,EMPLOYEE QUARTERLY UT FORMULA
340000,23,2,1/1/2002,0,Quarterly,EE QTRLY HLTH CARE SUB FUND FORMULA
340000,23,2,1/1/2003,0,Quarterly,EE QTRLY HLTH CARE SUB FUND FORMULA
340000,23,2,7/1/2003,0,Quarterly,EE QTRLY HLTH CARE SUB FUND FORMULA
340000,23,2,1/1/2004,0,Quarterly,EE QTRLY HLTH CARE SUB FUND FORMULA
340000,23,2,7/1/2004,0,Quarterly,EE QTRLY HLTH CARE SUB FUND FORMULA
340000,23,2,1/1/2005,0,Quarterly,EE QTRLY HLTH CARE SUB FUND FORMULA
340000,23,2,1/1/2006,0,Quarterly,EE QTRLY HLTH CARE SUB FUND FORMULA
340000,23,2,1/1/2007,0,Quarterly,EE QTRLY HLTH CARE SUB FUND FORMULA
340000,23,2,1/1/2008,0,Quarterly,EE QTRLY HLTH CARE SUB FUND FORMULA
340000,23,2,1/1/2009,0,Quarterly,EE QTRLY HLTH CARE SUB FUND FORMULA
340000,23,2,1/1/2010,0,Quarterly,EE QTRLY HLTH CARE SUB FUND FORMULA
340000,23,2,1/1/2011,0,Quarterly,EE QTRLY HLTH CARE SUB FUND FORMULA
340000,23,2,1/1/2012,0,Quarterly,EE QTRLY HLTH CARE SUB FUND FORMULA
340000,23,2,1/1/2013,0,Quarterly,EE QTRLY HLTH CARE SUB FUND FORMULA
340000,23,2,1/1/2014,0,Quarterly,EE QTRLY HLTH CARE SUB FUND FORMULA
340000,23,2,1/1/2015,0,Quarterly,EE QTRLY HLTH CARE SUB FUND FORMULA
340000,23,2,1/1/2016,0,Quarterly,EE QTRLY HLTH CARE SUB FUND FORMULA
340000,23,2,1/1/2017,0,Quarterly,EE QTRLY HLTH CARE SUB FUND FORMULA
340000,23,2,1/1/2018,0,Quarterly,EE QTRLY HLTH CARE SUB FUND FORMULA
340000,23,2,1/1/2019,0,Quarterly,EE QTRLY HLTH CARE SUB FUND FORMULA
340000,23,2,1/1/2020,0,Quarterly,EE QTRLY HLTH CARE SUB FUND FORMULA
340000,24,2,1/1/2002,0,Quarterly,EE QTR WR DEV/SUPMNTL WF FUNDS FORM
340000,24,2,1/1/2003,0,Quarterly,EE QTR WR DEV/SUPMNTL WF FUNDS FORM
340000,24,2,1/1/2004,0,Quarterly,EE QTR WR DEV/SUPMNTL WF FUNDS FORM
340000,24,2,1/1/2005,0,Quarterly,EE QTR WR DEV/SUPMNTL WF FUNDS FORM
340000,24,2,1/1/2006,0,Quarterly,EE QTR WR DEV/SUPMNTL WF FUNDS FORM
340000,24,2,1/1/2007,0,Quarterly,EE QTR WR DEV/SUPMNTL WF FUNDS FORM
340000,24,2,1/1/2008,0,Quarterly,EE QTR WR DEV/SUPMNTL WF FUNDS FORM
340000,24,2,1/1/2009,0,Quarterly,EE QTR WR DEV/SUPMNTL WF FUNDS FORM
340000,24,2,1/1/2010,0,Quarterly,EE QTR WR DEV/SUPMNTL WF FUNDS FORM
340000,24,2,1/1/2011,0,Quarterly,EE QTR WR DEV/SUPMNTL WF FUNDS FORM
340000,24,2,1/1/2012,0,Quarterly,EE QTR WR DEV/SUPMNTL WF FUNDS FORM
340000,24,2,1/1/2013,0,Quarterly,EE QTR WR DEV/SUPMNTL WF FUNDS FORM
340000,24,2,1/1/2014,0,Quarterly,EE QTR WR DEV/SUPMNTL WF FUNDS FORM
340000,24,2,1/1/2015,0,Quarterly,EE QTR WR DEV/SUPMNTL WF FUNDS FORM
340000,24,2,1/1/2016,0,Quarterly,EE QTR WR DEV/SUPMNTL WF FUNDS FORM
340000,24,2,1/1/2017,0,Quarterly,EE QTR WR DEV/SUPMNTL WF FUNDS FORM
340000,24,2,1/1/2018,0,Quarterly,EE QTR WR DEV/SUPMNTL WF FUNDS FORM
340000,24,2,1/1/2019,0,Quarterly,EE QTR WR DEV/SUPMNTL WF FUNDS FORM
340000,24,2,1/1/2020,0,Quarterly,EE QTR WR DEV/SUPMNTL WF FUNDS FORM
340000,25,2,1/1/2002,0,Quarterly,EE QTR CMBND UI/WF&SWF/HC/DI TAX
340000,25,2,1/1/2003,0,Quarterly,EE QTR CMBND UI/WF&SWF/HC/DI TAX
340000,25,2,1/1/2004,0,Quarterly,EE QTR CMBND UI/WF&SWF/HC/DI TAX
340000,25,2,1/1/2005,0,Quarterly,EE QTR CMBND UI/WF&SWF/HC/DI TAX
340000,25,2,1/1/2006,0,Quarterly,EE QTR CMBND UI/WF&SWF/HC/DI TAX
340000,25,2,1/1/2007,0,Quarterly,EE QTR CMBND UI/WF&SWF/HC/DI TAX
340000,25,2,1/1/2008,0,Quarterly,EE QTR CMBND UI/WF&SWF/HC/DI TAX
340000,25,2,1/1/2009,0,Quarterly,EE QTRLY CM UI/WF&SWF/HC/DI/FLI TAX
340000,25,2,1/1/2010,0,Quarterly,EE QTRLY CM UI/WF&SWF/HC/DI/FLI TAX
340000,25,2,1/1/2011,0,Quarterly,EE QTRLY CM UI/WF&SWF/HC/DI/FLI TAX
340000,25,2,1/1/2012,0,Quarterly,EE QTRLY CM UI/WF&SWF/HC/DI/FLI TAX
340000,25,2,1/1/2013,0,Quarterly,EE QTRLY CM UI/WF&SWF/HC/DI/FLI TAX
340000,25,2,1/1/2014,0,Quarterly,EE QTRLY CM UI/WF&SWF/HC/DI/FLI TAX
340000,25,2,1/1/2015,0,Quarterly,EE QTRLY CM UI/WF&SWF/HC/DI/FLI TAX
340000,25,2,1/1/2016,0,Quarterly,EE QTRLY CM UI/WF&SWF/HC/DI/FLI TAX
340000,25,2,1/1/2017,0,Quarterly,EE QTRLY CM UI/WF&SWF/HC/DI/FLI TAX
340000,25,2,1/1/2018,0,Quarterly,EE QTRLY CM UI/WF&SWF/HC/DI/FLI TAX
340000,25,2,1/1/2019,20191231,Quarterly,EE QTRLY CM UI/WF&SWF/HC/DI/FLI TAX
340000,28,2,1/1/2002,0,Quarterly,ER QTR COMBINED WF&SWF/HC/DI TAX
340000,28,2,1/1/2003,0,Quarterly,ER QTR COMBINED WF&SWF/HC/DI TAX
340000,28,2,1/1/2004,0,Quarterly,ER QTR COMBINED WF&SWF/HC/DI TAX
340000,28,2,7/1/2004,0,Quarterly,ER QTR COMBINED WF&SWF/HC/DI TAX
340000,28,2,1/1/2005,0,Quarterly,ER QTR COMBINED WF&SWF/HC/DI TAX
340000,28,2,1/1/2006,0,Quarterly,ER QTR COMBINED WF&SWF/HC/DI TAX
340000,28,2,7/1/2006,0,Quarterly,ER QTR COMBINED WF&SWF/HC/DI TAX
340000,28,2,1/1/2007,0,Quarterly,ER QTR COMBINED WF&SWF/HC/DI TAX
340000,28,2,1/1/2008,0,Quarterly,ER QTR COMBINED WF&SWF/HC/DI TAX
340000,28,2,1/1/2009,0,Quarterly,ER QTR COMBINED WF&SWF/HC/DI TAX
340000,28,2,1/1/2010,0,Quarterly,ER QTR COMBINED WF&SWF/HC/DI TAX
340000,28,2,1/1/2011,0,Quarterly,ER QTR COMBINED WF&SWF/HC/DI TAX
340000,28,2,1/1/2012,0,Quarterly,ER QTR COMBINED WF&SWF/HC/DI TAX
340000,28,2,1/1/2013,0,Quarterly,ER QTR COMBINED WF&SWF/HC/DI TAX
340000,28,2,1/1/2014,0,Quarterly,ER QTR COMBINED WF&SWF/HC/DI TAX
340000,28,2,1/1/2015,0,Quarterly,ER QTR COMBINED WF&SWF/HC/DI TAX
340000,28,2,1/1/2016,0,Quarterly,ER QTR COMBINED WF&SWF/HC/DI TAX
340000,28,2,1/1/2017,0,Quarterly,ER QTR COMBINED WF&SWF/HC/DI TAX
340000,28,2,1/1/2018,0,Quarterly,ER QTR COMBINED WF&SWF/HC/DI TAX
340000,28,2,1/1/2019,20191231,Quarterly,ER QTR COMBINED WF&SWF/HC/DI TAX
340000,31,2,1/1/2002,0,Quarterly,ER QUARTERLY DISABILITY FORMULA
340000,31,2,1/1/2003,0,Quarterly,ER QUARTERLY DISABILITY FORMULA
340000,31,2,1/1/2004,0,Quarterly,ER QUARTERLY DISABILITY FORMULA
340000,31,2,1/1/2005,0,Quarterly,ER QUARTERLY DISABILITY FORMULA
340000,31,2,1/1/2006,0,Quarterly,ER QUARTERLY DISABILITY FORMULA
340000,31,2,1/1/2007,0,Quarterly,ER QUARTERLY DISABILITY FORMULA
340000,31,2,1/1/2008,0,Quarterly,ER QUARTERLY DISABILITY FORMULA
340000,31,2,1/1/2009,0,Quarterly,ER QUARTERLY DISABILITY FORMULA
340000,31,2,1/1/2010,0,Quarterly,ER QUARTERLY DISABILITY FORMULA
340000,31,2,1/1/2011,0,Quarterly,ER QUARTERLY DISABILITY FORMULA
340000,31,2,1/1/2012,0,Quarterly,ER QUARTERLY DISABILITY FORMULA
340000,31,2,1/1/2013,0,Quarterly,ER QUARTERLY DISABILITY FORMULA
340000,31,2,1/1/2014,0,Quarterly,ER QUARTERLY DISABILITY FORMULA
340000,31,2,1/1/2015,0,Quarterly,ER QUARTERLY DISABILITY FORMULA
340000,31,2,1/1/2016,0,Quarterly,ER QUARTERLY DISABILITY FORMULA
340000,31,2,1/1/2017,0,Quarterly,ER QUARTERLY DISABILITY FORMULA
340000,31,2,1/1/2018,0,Quarterly,ER QUARTERLY DISABILITY FORMULA
340000,31,2,1/1/2019,0,Quarterly,ER QUARTERLY DISABILITY FORMULA
340000,31,2,1/1/2020,0,Quarterly,ER QUARTERLY DISABILITY FORMULA
340000,41,2,1/1/2002,0,Quarterly,EE QUARTERLY DISABILITY FORMULA
340000,41,2,1/1/2003,0,Quarterly,EE QUARTERLY DISABILITY FORMULA
340000,41,2,1/1/2004,0,Quarterly,EE QUARTERLY DISABILITY FORMULA
340000,41,2,1/1/2005,0,Quarterly,EE QUARTERLY DISABILITY FORMULA
340000,41,2,1/1/2006,0,Quarterly,EE QUARTERLY DISABILITY FORMULA
340000,41,2,1/1/2007,0,Quarterly,EE QUARTERLY DISABILITY FORMULA
340000,41,2,1/1/2008,0,Quarterly,EE QUARTERLY DISABILITY FORMULA
340000,41,2,1/1/2009,0,Quarterly,EE QUARTERLY DISABILITY FORMULA
340000,41,2,1/1/2010,0,Quarterly,EE QUARTERLY DISABILITY FORMULA
340000,41,2,1/1/2011,0,Quarterly,EE QUARTERLY DISABILITY FORMULA
340000,41,2,1/1/2012,0,Quarterly,EE QUARTERLY DISABILITY FORMULA
340000,41,2,1/1/2013,0,Quarterly,EE QUARTERLY DISABILITY FORMULA
340000,41,2,1/1/2014,0,Quarterly,EE QUARTERLY DISABILITY FORMULA
340000,41,2,1/1/2015,0,Quarterly,EE QUARTERLY DISABILITY FORMULA
340000,41,2,1/1/2016,0,Quarterly,EE QUARTERLY DISABILITY FORMULA
340000,41,2,1/1/2017,0,Quarterly,EE QUARTERLY DISABILITY FORMULA
340000,41,2,1/1/2018,0,Quarterly,EE QUARTERLY DISABILITY FORMULA
340000,41,2,1/1/2019,0,Quarterly,EE QUARTERLY DISABILITY FORMULA
340000,41,2,1/1/2020,0,Quarterly,EE QUARTERLY DISABILITY FORMULA
340000,48,2,1/1/2006,0,Quarterly,EE QTR VOLUNTARY DISABILITY FORMULA
340000,48,2,1/1/2007,0,Quarterly,EE QTR VOLUNTARY DISABILITY FORMULA
340000,48,2,1/1/2008,0,Quarterly,EE QTR VOLUNTARY DISABILITY FORMULA
340000,48,2,1/1/2009,0,Quarterly,EE QTR VOLUNTARY DISABILITY FORMULA
340000,48,2,1/1/2010,0,Quarterly,EE QTR VOLUNTARY DISABILITY FORMULA
340000,48,2,1/1/2011,0,Quarterly,EE QTR VOLUNTARY DISABILITY FORMULA
340000,48,2,1/1/2012,0,Quarterly,EE QTR VOLUNTARY DISABILITY FORMULA
340000,48,2,1/1/2013,0,Quarterly,EE QTR VOLUNTARY DISABILITY FORMULA
340000,48,2,1/1/2014,0,Quarterly,EE QTR VOLUNTARY DISABILITY FORMULA
340000,48,2,1/1/2015,0,Quarterly,EE QTR VOLUNTARY DISABILITY FORMULA
340000,48,2,1/1/2016,0,Quarterly,EE QTR VOLUNTARY DISABILITY FORMULA
340000,48,2,1/1/2017,0,Quarterly,EE QTR VOLUNTARY DISABILITY FORMULA
340000,48,2,1/1/2018,0,Quarterly,EE QTR VOLUNTARY DISABILITY FORMULA
340000,48,2,1/1/2019,0,Quarterly,EE QTR VOLUNTARY DISABILITY FORMULA
340000,48,2,1/1/2020,0,Quarterly,EE QTR VOLUNTARY DISABILITY FORMULA
340000,77,2,1/1/2006,0,Quarterly,ER QTR VOLUNTARY DISABILITY FORMULA
340000,77,2,1/1/2007,0,Quarterly,ER QTR VOLUNTARY DISABILITY FORMULA
340000,77,2,1/1/2008,0,Quarterly,ER QTR VOLUNTARY DISABILITY FORMULA
340000,77,2,1/1/2009,0,Quarterly,ER QTR VOLUNTARY DISABILITY FORMULA
340000,77,2,1/1/2010,0,Quarterly,ER QTR VOLUNTARY DISABILITY FORMULA
340000,77,2,1/1/2011,0,Quarterly,ER QTR VOLUNTARY DISABILITY FORMULA
340000,77,2,1/1/2012,0,Quarterly,ER QTR VOLUNTARY DISABILITY FORMULA
340000,77,2,1/1/2013,0,Quarterly,ER QTR VOLUNTARY DISABILITY FORMULA
340000,77,2,1/1/2014,0,Quarterly,ER QTR VOLUNTARY DISABILITY FORMULA
340000,77,2,1/1/2015,0,Quarterly,ER QTR VOLUNTARY DISABILITY FORMULA
340000,77,2,1/1/2016,0,Quarterly,ER QTR VOLUNTARY DISABILITY FORMULA
340000,77,2,1/1/2017,0,Quarterly,ER QTR VOLUNTARY DISABILITY FORMULA
340000,77,2,1/1/2018,0,Quarterly,ER QTR VOLUNTARY DISABILITY FORMULA
340000,77,2,1/1/2019,0,Quarterly,ER QTR VOLUNTARY DISABILITY FORMULA
340000,77,2,1/1/2020,0,Quarterly,ER QTR VOLUNTARY DISABILITY FORMULA
340000,87,2,1/1/2009,0,Quarterly,EMPLOYEE QTR FAM LEAVE INSURANCE
340000,87,2,1/1/2010,0,Quarterly,EMPLOYEE QTR FAM LEAVE INSURANCE
340000,87,2,1/1/2011,0,Quarterly,EMPLOYEE QTR FAM LEAVE INSURANCE
340000,87,2,1/1/2012,0,Quarterly,EMPLOYEE QTR FAM LEAVE INSURANCE
340000,87,2,1/1/2013,0,Quarterly,EMPLOYEE QTR FAM LEAVE INSURANCE
340000,87,2,1/1/2014,0,Quarterly,EMPLOYEE QTR FAM LEAVE INSURANCE
340000,87,2,1/1/2015,0,Quarterly,EMPLOYEE QTR FAM LEAVE INSURANCE
340000,87,2,1/1/2016,0,Quarterly,EMPLOYEE QTR FAM LEAVE INSURANCE
340000,87,2,1/1/2017,0,Quarterly,EMPLOYEE QTR FAM LEAVE INSURANCE
340000,87,2,1/1/2018,0,Quarterly,EMPLOYEE QTR FAM LEAVE INSURANCE
340000,87,2,1/1/2019,0,Quarterly,EMPLOYEE QTR FAM LEAVE INSURANCE
340000,87,2,1/1/2020,0,Quarterly,EMPLOYEE QTR FAM LEAVE INSURANCE
340000,88,2,1/1/2009,0,Quarterly,EMPLOYEE QTR FAM LEAVE INS-VOL
340000,88,2,1/1/2010,0,Quarterly,EMPLOYEE QTR FAM LEAVE INS-VOL
340000,88,2,1/1/2011,0,Quarterly,EMPLOYEE QTR FAM LEAVE INS-VOL
340000,88,2,1/1/2012,0,Quarterly,EMPLOYEE QTR FAM LEAVE INS-VOL
340000,88,2,1/1/2013,0,Quarterly,EMPLOYEE QTR FAM LEAVE INS-VOL
340000,88,2,1/1/2014,0,Quarterly,EMPLOYEE QTR FAM LEAVE INS-VOL
340000,88,2,1/1/2015,0,Quarterly,EMPLOYEE QTR FAM LEAVE INS-VOL
340000,88,2,1/1/2016,0,Quarterly,EMPLOYEE QTR FAM LEAVE INS-VOL
340000,88,2,1/1/2017,0,Quarterly,EMPLOYEE QTR FAM LEAVE INS-VOL
340000,88,2,1/1/2018,0,Quarterly,EMPLOYEE QTR FAM LEAVE INS-VOL
340000,88,2,1/1/2019,0,Quarterly,EMPLOYEE QTR FAM LEAVE INS-VOL
340000,88,2,1/1/2020,0,Quarterly,EMPLOYEE QTR FAM LEAVE INS-VOL
350000,10,2,1/1/2008,0,Quarterly,EMPLOYER QUARTERLY UT FORMULA
350000,10,2,1/1/2009,0,Quarterly,EMPLOYER QUARTERLY UT FORMULA
350000,10,2,1/1/2010,0,Quarterly,EMPLOYER QUARTERLY UT FORMULA
350000,10,2,1/1/2011,0,Quarterly,EMPLOYER QUARTERLY UT FORMULA
350000,10,2,1/1/2012,0,Quarterly,EMPLOYER QUARTERLY UT FORMULA
350000,10,2,1/1/2013,0,Quarterly,EMPLOYER QUARTERLY UT FORMULA
350000,10,2,1/1/2014,0,Quarterly,EMPLOYER QUARTERLY UT FORMULA
350000,10,2,1/1/2016,0,Quarterly,EMPLOYER QUARTERLY UT FORMULA
350000,10,2,1/1/2017,0,Quarterly,EMPLOYER QUARTERLY UT FORMULA
350000,10,2,1/1/2018,0,Quarterly,EMPLOYER QUARTERLY UT FORMULA
350000,10,2,1/1/2019,0,Quarterly,EMPLOYER QUARTERLY UT FORMULA
350000,10,2,1/1/2020,0,Quarterly,EMPLOYER QUARTERLY UT FORMULA
350000,30,1,1/1/2000,0,Quarterly,EMPLOYER WORKER COMPENSATION TAX
350000,30,1,7/1/2004,0,Quarterly,EMPLOYER WORKER COMPENSATION TAX
350000,30,1,1/1/2013,0,Quarterly,EMPLOYER WORKER COMPENSATION TAX
350000,40,1,1/1/2000,0,Quarterly,EMPLOYEE WORKER COMPENSATION TAX
350000,40,1,1/1/2013,0,Quarterly,EMPLOYEE WORKER COMPENSATION TAX
360000,10,2,1/1/1999,0,Quarterly,EMPLOYER QUARTERLY UT FORMULA
360000,10,2,1/1/2011,0,Quarterly,EMPLOYER QUARTERLY UT FORMULA
360000,10,2,1/1/2013,0,Quarterly,EMPLOYER QUARTERLY UT FORMULA
360000,10,2,1/1/2014,0,Quarterly,EMPLOYER QUARTERLY UT FORMULA
360000,10,2,1/1/2015,0,Quarterly,EMPLOYER QUARTERLY UT FORMULA
360000,10,2,1/1/2016,0,Quarterly,EMPLOYER QUARTERLY UT FORMULA
360000,10,2,1/1/2017,0,Quarterly,EMPLOYER QUARTERLY UT FORMULA
360000,10,2,1/1/2018,0,Quarterly,EMPLOYER QUARTERLY UT FORMULA
360000,10,2,1/1/2019,0,Quarterly,EMPLOYER QUARTERLY UT FORMULA
360000,10,2,1/1/2020,0,Quarterly,EMPLOYER QUARTERLY UT FORMULA
360000,14,2,1/1/1999,0,Quarterly,QRTLY RE-EMPLOYMENT SERVICE FUND
360000,14,2,1/1/2013,0,Quarterly,QRTLY RE-EMPLOYMENT SERVICE FUND
360000,14,2,1/1/2014,0,Quarterly,QRTLY RE-EMPLOYMENT SERVICE FUND
360000,14,2,1/1/2015,0,Quarterly,QRTLY RE-EMPLOYMENT SERVICE FUND
360000,14,2,1/1/2016,0,Quarterly,QRTLY RE-EMPLOYMENT SERVICE FUND
360000,14,2,1/1/2017,0,Quarterly,QRTLY RE-EMPLOYMENT SERVICE FUND
360000,14,2,1/1/2018,0,Quarterly,QRTLY RE-EMPLOYMENT SERVICE FUND
360000,14,2,1/1/2019,0,Quarterly,QRTLY RE-EMPLOYMENT SERVICE FUND
360000,14,2,1/1/2020,0,Quarterly,QRTLY RE-EMPLOYMENT SERVICE FUND
370000,10,2,1/1/2008,0,Quarterly,EMPLOYER QUARTERLY UT FORMULA
370000,10,2,1/1/2009,0,Quarterly,EMPLOYER QUARTERLY UT FORMULA
370000,10,2,1/1/2010,0,Quarterly,EMPLOYER QUARTERLY UT FORMULA
370000,10,2,1/1/2011,0,Quarterly,EMPLOYER QUARTERLY UT FORMULA
370000,10,2,1/1/2012,0,Quarterly,EMPLOYER QUARTERLY UT FORMULA
370000,10,2,1/1/2013,0,Quarterly,EMPLOYER QUARTERLY UT FORMULA
370000,10,2,1/1/2014,0,Quarterly,EMPLOYER QUARTERLY UT FORMULA
370000,10,2,1/1/2015,0,Quarterly,EMPLOYER QUARTERLY UT FORMULA
370000,10,2,1/1/2016,0,Quarterly,EMPLOYER QUARTERLY UT FORMULA
370000,10,2,1/1/2017,0,Quarterly,EMPLOYER QUARTERLY UT FORMULA
370000,10,2,1/1/2018,0,Quarterly,EMPLOYER QUARTERLY UT FORMULA
370000,10,2,1/1/2019,0,Quarterly,EMPLOYER QUARTERLY UT FORMULA
370000,10,2,1/1/2020,0,Quarterly,EMPLOYER QUARTERLY UT FORMULA
380000,10,2,1/1/2008,0,Quarterly,EMPLOYER QUARTERLY UT FORMULA
380000,10,2,1/1/2009,0,Quarterly,EMPLOYER QUARTERLY UT FORMULA
380000,10,2,1/1/2010,0,Quarterly,EMPLOYER QUARTERLY UT FORMULA
380000,10,2,1/1/2011,0,Quarterly,EMPLOYER QUARTERLY UT FORMULA
380000,10,2,1/1/2012,0,Quarterly,EMPLOYER QUARTERLY UT FORMULA
380000,10,2,1/1/2013,0,Quarterly,EMPLOYER QUARTERLY UT FORMULA
380000,10,2,1/1/2014,0,Quarterly,EMPLOYER QUARTERLY UT FORMULA
380000,10,2,1/1/2015,0,Quarterly,EMPLOYER QUARTERLY UT FORMULA
380000,10,2,1/1/2016,0,Quarterly,EMPLOYER QUARTERLY UT FORMULA
380000,10,2,1/1/2017,0,Quarterly,EMPLOYER QUARTERLY UT FORMULA
380000,10,2,1/1/2018,0,Quarterly,EMPLOYER QUARTERLY UT FORMULA
380000,10,2,1/1/2019,0,Quarterly,EMPLOYER QUARTERLY UT FORMULA
380000,10,2,1/1/2020,0,Quarterly,EMPLOYER QUARTERLY UT FORMULA
390000,10,2,1/1/1995,0,Quarterly,EMPLOYER QUARTERLY UT FORMULA
390000,10,2,1/1/2013,0,Quarterly,EMPLOYER QUARTERLY UT FORMULA
390000,10,2,1/1/2018,0,Quarterly,EMPLOYER QUARTERLY UT FORMULA
390000,10,2,1/1/2020,0,Quarterly,EMPLOYER QUARTERLY UT FORMULA
400000,10,2,1/1/2008,0,Quarterly,EMPLOYER QUARTERLY UT FORMULA
400000,10,2,1/1/2009,0,Quarterly,EMPLOYER QUARTERLY UT FORMULA
400000,10,2,1/1/2010,0,Quarterly,EMPLOYER QUARTERLY UT FORMULA
400000,10,2,1/1/2011,0,Quarterly,EMPLOYER QUARTERLY UT FORMULA
400000,10,2,1/1/2012,0,Quarterly,EMPLOYER QUARTERLY UT FORMULA
400000,10,2,1/1/2013,0,Quarterly,EMPLOYER QUARTERLY UT FORMULA
400000,10,2,1/1/2014,0,Quarterly,EMPLOYER QUARTERLY UT FORMULA
400000,10,2,1/1/2015,0,Quarterly,EMPLOYER QUARTERLY UT FORMULA
400000,10,2,1/1/2016,0,Quarterly,EMPLOYER QUARTERLY UT FORMULA
400000,10,2,1/1/2017,0,Quarterly,EMPLOYER QUARTERLY UT FORMULA
400000,10,2,1/1/2018,0,Quarterly,EMPLOYER QUARTERLY UT FORMULA
400000,10,2,1/1/2019,0,Quarterly,EMPLOYER QUARTERLY UT FORMULA
400000,10,2,1/1/2020,0,Quarterly,EMPLOYER QUARTERLY UT FORMULA
400000,94,2,1/1/2018,0,Quarterly,TECHNOLOGY FUND QUARTERLY FORMULA
400000,94,2,1/1/2019,0,Quarterly,TECHNOLOGY FUND QUARTERLY FORMULA
400000,94,2,1/1/2020,0,Quarterly,TECHNOLOGY FUND QUARTERLY FORMULA
410000,9,2,1/1/2008,0,Quarterly,EMPLOYER QRTLY SPECIAL PAYROLL TAX
410000,9,2,1/1/2009,0,Quarterly,EMPLOYER QRTLY SPECIAL PAYROLL TAX
410000,9,2,1/1/2010,0,Quarterly,EMPLOYER QRTLY SPECIAL PAYROLL TAX
410000,9,2,1/1/2011,20110331,Quarterly,EMPLOYER QRTLY SPECIAL PAYROLL TAX
410000,9,2,4/1/2011,0,Quarterly,EMPLOYER QRTLY SPECIAL PAYROLL TAX
410000,9,2,1/1/2012,0,Quarterly,EMPLOYER QRTLY SPECIAL PAYROLL TAX
410000,9,2,1/1/2013,0,Quarterly,EMPLOYER QRTLY SPECIAL PAYROLL TAX
410000,9,2,4/1/2013,0,Quarterly,EMPLOYER QRTLY SPECIAL PAYROLL TAX
410000,9,2,1/1/2014,0,Quarterly,EMPLOYER QRTLY SPECIAL PAYROLL TAX
410000,9,2,1/1/2015,0,Quarterly,EMPLOYER QRTLY SPECIAL PAYROLL TAX
410000,9,2,4/1/2015,0,Quarterly,EMPLOYER QRTLY SPECIAL PAYROLL TAX
410000,9,2,1/1/2016,0,Quarterly,EMPLOYER QRTLY SPECIAL PAYROLL TAX
410000,9,2,1/1/2017,0,Quarterly,EMPLOYER QRTLY SPECIAL PAYROLL TAX
410000,9,2,4/1/2017,0,Quarterly,EMPLOYER QRTLY SPECIAL PAYROLL TAX
410000,9,2,1/1/2018,0,Quarterly,EMPLOYER QRTLY SPECIAL PAYROLL TAX
410000,9,2,1/1/2019,0,Quarterly,EMPLOYER QRTLY SPECIAL PAYROLL TAX
410000,9,2,4/1/2019,0,Quarterly,EMPLOYER QRTLY SPECIAL PAYROLL TAX
410000,9,2,1/1/2020,0,Quarterly,EMPLOYER QRTLY SPECIAL PAYROLL TAX
410000,10,2,7/1/2002,0,Quarterly,EMPLOYER QUARTERLY UT FORMULA
410000,10,2,1/1/2003,0,Quarterly,EMPLOYER QUARTERLY UT FORMULA
410000,10,2,1/1/2004,0,Quarterly,EMPLOYER QUARTERLY UT FORMULA
410000,10,2,1/1/2006,0,Quarterly,EMPLOYER QUARTERLY UT FORMULA
410000,10,2,1/1/2007,0,Quarterly,EMPLOYER QUARTERLY UT FORMULA
410000,10,2,1/1/2008,0,Quarterly,EMPLOYER QUARTERLY UT FORMULA
410000,10,2,1/1/2009,0,Quarterly,EMPLOYER QUARTERLY UT FORMULA
410000,10,2,1/1/2010,0,Quarterly,EMPLOYER QUARTERLY UT FORMULA
410000,10,2,1/1/2011,0,Quarterly,EMPLOYER QUARTERLY UT FORMULA
410000,10,2,1/1/2012,0,Quarterly,EMPLOYER QUARTERLY UT FORMULA
410000,10,2,1/1/2013,0,Quarterly,EMPLOYER QUARTERLY UT FORMULA
410000,10,2,1/1/2014,0,Quarterly,EMPLOYER QUARTERLY UT FORMULA
410000,10,2,1/1/2015,0,Quarterly,EMPLOYER QUARTERLY UT FORMULA
410000,10,2,1/1/2016,0,Quarterly,EMPLOYER QUARTERLY UT FORMULA
410000,10,2,1/1/2017,0,Quarterly,EMPLOYER QUARTERLY UT FORMULA
410000,10,2,1/1/2018,0,Quarterly,EMPLOYER QUARTERLY UT FORMULA
410000,10,2,1/1/2019,0,Quarterly,EMPLOYER QUARTERLY UT FORMULA
410000,10,2,1/1/2020,0,Quarterly,EMPLOYER QUARTERLY UT FORMULA
420000,10,2,1/1/1985,0,Quarterly,EMPLOYER QUARTERLY UT FORMULA
420000,10,2,1/1/2011,0,Quarterly,EMPLOYER QUARTERLY UT FORMULA
420000,10,2,1/1/2013,0,Quarterly,EMPLOYER QUARTERLY UT FORMULA
420000,10,2,1/1/2014,0,Quarterly,EMPLOYER QUARTERLY UT FORMULA
420000,10,2,1/1/2015,0,Quarterly,EMPLOYER QUARTERLY UT FORMULA
420000,10,2,1/1/2016,0,Quarterly,EMPLOYER QUARTERLY UT FORMULA
420000,10,2,1/1/2017,0,Quarterly,EMPLOYER QUARTERLY UT FORMULA
420000,10,2,1/1/2018,0,Quarterly,EMPLOYER QUARTERLY UT FORMULA
420000,20,2,1/1/2008,0,Quarterly,EMPLOYEE QUARTERLY UT FORMULA
420000,20,2,1/1/2010,0,Quarterly,EMPLOYEE QUARTERLY UT FORMULA
420000,20,2,1/1/2013,0,Quarterly,EMPLOYEE QUARTERLY UT FORMULA
420000,20,2,1/1/2018,0,Quarterly,EMPLOYEE QUARTERLY UT FORMULA
430000,10,2,1/1/1985,0,Quarterly,EMPLOYER QUARTERLY UT FORMULA
430000,10,2,1/1/2011,0,Quarterly,EMPLOYER QUARTERLY UT FORMULA
430000,10,2,1/1/2013,0,Quarterly,EMPLOYER QUARTERLY UT FORMULA
430000,10,2,1/1/2017,0,Quarterly,EMPLOYER QUARTERLY UT FORMULA
430000,10,2,1/1/2018,0,Quarterly,EMPLOYER QUARTERLY UT FORMULA
430000,10,2,1/1/2020,0,Quarterly,EMPLOYER QUARTERLY UT FORMULA
430000,15,2,1/1/1992,0,Quarterly,QUARTERLY JOB DEV ASSESSMENT FORM
430000,15,2,1/1/2013,0,Quarterly,QUARTERLY JOB DEV ASSESSMENT FORM
430000,31,2,1/1/1976,0,Quarterly,EMPLOYER QTRLY  DISABILITY FORMULA
430000,31,2,1/1/2013,0,Quarterly,EMPLOYER QTRLY  DISABILITY FORMULA
430000,41,2,1/1/1976,0,Quarterly,EMPLOYEE QTRLY  DISABILITY FORMULA
430000,41,2,1/1/2013,0,Quarterly,EMPLOYEE QTRLY  DISABILITY FORMULA
440000,10,2,1/1/2007,0,Quarterly,EMPLOYER QUARTERLY UT FORMULA
440000,10,2,1/1/2009,0,Quarterly,EMPLOYER QUARTERLY UT FORMULA
440000,10,2,1/1/2010,0,Quarterly,EMPLOYER QUARTERLY UT FORMULA
440000,10,2,1/1/2011,0,Quarterly,EMPLOYER QUARTERLY UT FORMULA
440000,10,2,1/1/2012,0,Quarterly,EMPLOYER QUARTERLY UT FORMULA
440000,10,2,1/1/2013,0,Quarterly,EMPLOYER QUARTERLY UT FORMULA
440000,10,2,1/1/2014,0,Quarterly,EMPLOYER QUARTERLY UT FORMULA
440000,10,2,1/1/2015,0,Quarterly,EMPLOYER QUARTERLY UT FORMULA
440000,10,2,1/1/2016,0,Quarterly,EMPLOYER QUARTERLY UT FORMULA
440000,10,2,1/1/2017,0,Quarterly,EMPLOYER QUARTERLY UT FORMULA
440000,10,2,1/1/2018,0,Quarterly,EMPLOYER QUARTERLY UT FORMULA
440000,10,2,1/1/2019,0,Quarterly,EMPLOYER QUARTERLY UT FORMULA
440000,10,2,1/1/2020,0,Quarterly,EMPLOYER QUARTERLY UT FORMULA
440000,10,4,1/1/2012,0,Quarterly,ER QUARTERLY UT FORMULA - TIER 2
440000,10,4,1/1/2013,0,Quarterly,ER QUARTERLY UT FORMULA - TIER 2
440000,10,4,1/1/2014,0,Quarterly,ER QUARTERLY UT FORMULA - TIER 2
440000,10,4,1/1/2015,0,Quarterly,ER QUARTERLY UT FORMULA - TIER 2
440000,10,4,1/1/2016,0,Quarterly,ER QUARTERLY UT FORMULA - TIER 2
440000,10,4,1/1/2017,0,Quarterly,ER QUARTERLY UT FORMULA - TIER 2
440000,10,4,1/1/2018,0,Quarterly,ER QUARTERLY UT FORMULA - TIER 2
440000,10,4,1/1/2019,0,Quarterly,ER QUARTERLY UT FORMULA - TIER 2
440000,10,4,1/1/2020,0,Quarterly,ER QUARTERLY UT FORMULA - TIER 2
440000,15,2,1/1/2007,0,Quarterly,EMPLOYER QUARTERLY JOB FORMULA
440000,15,2,1/1/2009,0,Quarterly,EMPLOYER QUARTERLY JOB FORMULA
440000,15,2,1/1/2010,0,Quarterly,EMPLOYER QUARTERLY JOB FORMULA
440000,15,2,1/1/2011,0,Quarterly,EMPLOYER QUARTERLY JOB FORMULA
440000,15,2,1/1/2012,0,Quarterly,EMPLOYER QUARTERLY JOB FORMULA
440000,15,2,1/1/2013,0,Quarterly,EMPLOYER QUARTERLY JOB FORMULA
440000,15,2,1/1/2014,0,Quarterly,EMPLOYER QUARTERLY JOB FORMULA
440000,15,2,1/1/2015,0,Quarterly,EMPLOYER QUARTERLY JOB FORMULA
440000,15,2,1/1/2016,0,Quarterly,EMPLOYER QUARTERLY JOB FORMULA
440000,15,2,1/1/2017,0,Quarterly,EMPLOYER QUARTERLY JOB FORMULA
440000,15,2,1/1/2018,0,Quarterly,EMPLOYER QUARTERLY JOB FORMULA
440000,15,2,1/1/2019,0,Quarterly,EMPLOYER QUARTERLY JOB FORMULA
440000,15,2,1/1/2020,0,Quarterly,EMPLOYER QUARTERLY JOB FORMULA
440000,15,4,1/1/2012,0,Quarterly,ER QUARTERLY JOB FORMULA - TIER 2
440000,15,4,1/1/2013,0,Quarterly,ER QUARTERLY JOB FORMULA - TIER 2
440000,15,4,1/1/2014,0,Quarterly,ER QUARTERLY JOB FORMULA - TIER 2
440000,15,4,1/1/2015,0,Quarterly,ER QUARTERLY JOB FORMULA - TIER 2
440000,15,4,1/1/2016,0,Quarterly,ER QUARTERLY JOB FORMULA - TIER 2
440000,15,4,1/1/2017,0,Quarterly,ER QUARTERLY JOB FORMULA - TIER 2
440000,15,4,1/1/2018,0,Quarterly,ER QUARTERLY JOB FORMULA - TIER 2
440000,15,4,1/1/2019,0,Quarterly,ER QUARTERLY JOB FORMULA - TIER 2
440000,15,4,1/1/2020,0,Quarterly,ER QUARTERLY JOB FORMULA - TIER 2
440000,41,2,1/1/2008,0,Quarterly,EMPLOYEE QRTLY DISABILITY FORMULA
440000,41,2,1/1/2009,0,Quarterly,EMPLOYEE QRTLY DISABILITY FORMULA
440000,41,2,1/1/2010,0,Quarterly,EMPLOYEE QRTLY DISABILITY FORMULA
440000,41,2,1/1/2011,0,Quarterly,EMPLOYEE QRTLY DISABILITY FORMULA
440000,41,2,1/1/2012,0,Quarterly,EMPLOYEE QRTLY DISABILITY FORMULA
440000,41,2,1/1/2013,0,Quarterly,EMPLOYEE QRTLY DISABILITY FORMULA
440000,41,2,1/1/2014,0,Quarterly,EMPLOYEE QRTLY DISABILITY FORMULA
440000,41,2,1/1/2015,0,Quarterly,EMPLOYEE QRTLY DISABILITY FORMULA
440000,41,2,1/1/2016,0,Quarterly,QRTLY TEMPORARY DISABILITY FORMULA
440000,41,2,1/1/2017,0,Quarterly,QRTLY TEMPORARY DISABILITY FORMULA
440000,41,2,1/1/2018,0,Quarterly,QRTLY TEMPORARY DISABILITY FORMULA
440000,41,2,1/1/2019,0,Quarterly,QRT TEMP DISABILITY/CAREGIVER FRMLA
440000,41,2,1/1/2020,0,Quarterly,QRT TEMP DISABILITY/CAREGIVER FRMLA
450000,10,2,1/1/1983,0,Quarterly,EMPLOYER QUARTERLY UT FORMULA
450000,10,2,1/1/2011,0,Quarterly,EMPLOYER QUARTERLY UT FORMULA
450000,10,2,1/1/2012,0,Quarterly,EMPLOYER QUARTERLY UT FORMULA
450000,10,2,1/1/2013,0,Quarterly,EMPLOYER QUARTERLY UT FORMULA
450000,10,2,1/1/2014,0,Quarterly,EMPLOYER QUARTERLY UT FORMULA
450000,10,2,1/1/2015,0,Quarterly,EMPLOYER QUARTERLY UT FORMULA
450000,10,2,1/1/2016,0,Quarterly,EMPLOYER QUARTERLY UT FORMULA
450000,10,2,1/1/2017,0,Quarterly,EMPLOYER QUARTERLY UT FORMULA
450000,10,2,1/1/2018,0,Quarterly,EMPLOYER QUARTERLY UT FORMULA
450000,10,2,1/1/2019,0,Quarterly,EMPLOYER QUARTERLY UT FORMULA
450000,10,2,1/1/2020,0,Quarterly,EMPLOYER QUARTERLY UT FORMULA
450000,37,2,4/3/1986,0,Quarterly,QUARTERLY ADMIN CONTINGENCY FUND
450000,37,2,1/1/2011,0,Quarterly,QTRLY DEPT ADMIN CONTIN ASMNT FUND
450000,37,2,1/1/2012,0,Quarterly,QTRLY DEPT ADMIN CONTIN ASMNT FUND
450000,37,2,1/1/2013,0,Quarterly,QTRLY DEPT ADMIN CONTIN ASMNT FUND
450000,37,2,1/1/2015,0,Quarterly,QTRLY DEPT ADMIN CONTIN ASMNT FUND
450000,37,2,1/1/2016,0,Quarterly,QTRLY DEPT ADMIN CONTIN ASMNT FUND
460000,10,2,1/1/2008,0,Quarterly,EMPLOYER QUARTERLY UT FORMULA
460000,10,2,1/1/2009,0,Quarterly,EMPLOYER QUARTERLY UT FORMULA
460000,10,2,1/1/2010,0,Quarterly,EMPLOYER QUARTERLY UT FORMULA
460000,10,2,1/1/2011,0,Quarterly,EMPLOYER QUARTERLY UT FORMULA
460000,10,2,1/1/2012,0,Quarterly,EMPLOYER QUARTERLY UT FORMULA
460000,10,2,1/1/2013,0,Quarterly,EMPLOYER QUARTERLY UT FORMULA
460000,10,2,1/1/2014,0,Quarterly,EMPLOYER QUARTERLY UT FORMULA
460000,10,2,1/1/2015,0,Quarterly,EMPLOYER QUARTERLY UT FORMULA
460000,10,2,7/1/2019,0,Quarterly,REEMPLOYMENT ASSISTANCE QTRLY
460000,38,2,1/1/2008,0,Quarterly,EMPLOYER QRTLY INVESTMENT FORMULA
460000,38,2,1/1/2009,0,Quarterly,EMPLOYER QRTLY INVESTMENT FORMULA
460000,38,2,1/1/2010,0,Quarterly,EMPLOYER QRTLY INVESTMENT FORMULA
460000,38,2,1/1/2011,0,Quarterly,EMPLOYER QRTLY INVESTMENT FORMULA
460000,38,2,1/1/2012,0,Quarterly,EMPLOYER QRTLY INVESTMENT FORMULA
460000,38,2,1/1/2013,0,Quarterly,EMPLOYER QRTLY INVESTMENT FORMULA
460000,38,2,1/1/2014,0,Quarterly,EMPLOYER QRTLY INVESTMENT FORMULA
460000,38,2,1/1/2015,0,Quarterly,EMPLOYER QRTLY INVESTMENT FORMULA
460000,82,1,10/1/2009,0,Quarterly,ER UNEMPLMNT SOLVENCY TAX SURCHARGE
460000,82,2,1/1/2010,0,Quarterly,ER QTR UNEML SOLVENCY TAX SURCHARGE
460000,82,2,7/1/2010,0,Quarterly,ER QTR UNEML SOLVENCY TAX SURCHARGE
460000,82,2,1/1/2015,0,Quarterly,ER QTR UNEML SOLVENCY TAX SURCHARGE
460000,95,2,1/1/2018,0,Quarterly,EMPLOYER QTRLY ADMINISTRATIVE FEE
470000,10,2,1/1/1983,0,Quarterly,EMPLOYER QUARTERLY UT FORMULA
470000,10,2,1/1/2009,0,Quarterly,EMPLOYER QUARTERLY UT FORMULA
470000,10,2,1/1/2013,0,Quarterly,EMPLOYER QUARTERLY UT FORMULA
470000,10,2,1/1/2016,0,Quarterly,EMPLOYER QUARTERLY UT FORMULA
470000,10,2,1/1/2018,0,Quarterly,EMPLOYER QUARTERLY UT FORMULA
470000,16,2,1/1/2002,0,Quarterly,EMPLOYER QTRLY JOB SKILLS FEE
470000,16,2,1/1/2009,0,Quarterly,EMPLOYER QTRLY JOB SKILLS FEE
470000,16,2,1/1/2013,0,Quarterly,EMPLOYER QTRLY JOB SKILLS FEE
470000,16,2,1/1/2016,0,Quarterly,EMPLOYER QTRLY JOB SKILLS FEE
470000,16,2,1/1/2018,0,Quarterly,EMPLOYER QTRLY JOB SKILLS FEE
480000,10,2,1/1/1989,0,Quarterly,EMPLOYER QUARTERLY UT FORMULA
480000,10,2,1/1/2013,0,Quarterly,EMPLOYER QUARTERLY UT FORMULA
480000,16,2,1/1/2006,0,Quarterly,QTR EMPLYMT & TRNG INVSTMNT ASMNT
480000,16,2,1/1/2013,0,Quarterly,QTR EMPLYMT & TRNG INVSTMNT ASMNT
480000,89,2,1/1/2011,0,Quarterly,QTRLY UI INTRST ASSMNT FEE
480000,89,2,1/1/2012,0,Quarterly,QTRLY UI INTRST ASSMNT FEE
480000,89,2,1/1/2013,0,Quarterly,QTRLY UI INTRST ASSMNT FEE
480000,89,2,1/1/2017,0,Quarterly,QTRLY UI INTRST ASSMNT FEE
480000,89,2,1/1/2018,0,Quarterly,QTRLY UI INTRST ASSMNT FEE
490000,10,2,1/1/2008,0,Quarterly,EMPLOYER QUARTERLY UT FORMULA
490000,10,2,1/1/2009,0,Quarterly,EMPLOYER QUARTERLY UT FORMULA
490000,10,2,1/1/2010,0,Quarterly,EMPLOYER QUARTERLY UT FORMULA
490000,10,2,1/1/2011,0,Quarterly,EMPLOYER QUARTERLY UT FORMULA
490000,10,2,1/1/2012,0,Quarterly,EMPLOYER QUARTERLY UT FORMULA
490000,10,2,1/1/2013,0,Quarterly,EMPLOYER QUARTERLY UT FORMULA
490000,10,2,1/1/2014,0,Quarterly,EMPLOYER QUARTERLY UT FORMULA
490000,10,2,1/1/2015,0,Quarterly,EMPLOYER QUARTERLY UT FORMULA
490000,10,2,1/1/2016,0,Quarterly,EMPLOYER QUARTERLY UT FORMULA
490000,10,2,1/1/2017,0,Quarterly,EMPLOYER QUARTERLY UT FORMULA
490000,10,2,1/1/2018,0,Quarterly,EMPLOYER QUARTERLY UT FORMULA
490000,10,2,1/1/2019,0,Quarterly,EMPLOYER QUARTERLY UT FORMULA
490000,10,2,1/1/2020,0,Quarterly,EMPLOYER QUARTERLY UT FORMULA
500000,10,2,1/1/1983,0,Quarterly,EMPLOYER QUARTERLY UT FORMULA
500000,10,2,1/1/2010,0,Quarterly,EMPLOYER QUARTERLY UT FORMULA
500000,10,2,1/1/2011,0,Quarterly,EMPLOYER QUARTERLY UT FORMULA
500000,10,2,1/1/2012,0,Quarterly,EMPLOYER QUARTERLY UT FORMULA
500000,10,2,1/1/2013,0,Quarterly,EMPLOYER QUARTERLY UT FORMULA
500000,10,2,1/1/2015,0,Quarterly,EMPLOYER QUARTERLY UT FORMULA
500000,10,2,1/1/2016,0,Quarterly,EMPLOYER QUARTERLY UT FORMULA
500000,10,2,1/1/2017,0,Quarterly,EMPLOYER QUARTERLY UT FORMULA
500000,10,2,1/1/2018,0,Quarterly,EMPLOYER QUARTERLY UT FORMULA
500000,10,2,1/1/2019,0,Quarterly,EMPLOYER QUARTERLY UT FORMULA
500000,10,2,1/1/2020,0,Quarterly,EMPLOYER QUARTERLY UT FORMULA
510000,10,2,1/1/1991,0,Quarterly,EMPLOYER QUARTERLY UT FORMULA
510000,10,2,1/1/2011,0,Quarterly,EMPLOYER QUARTERLY UT FORMULA
510000,10,2,1/1/2013,0,Quarterly,EMPLOYER QUARTERLY UT FORMULA
510000,10,2,1/1/2014,0,Quarterly,EMPLOYER QUARTERLY UT FORMULA
510000,10,2,1/1/2016,0,Quarterly,EMPLOYER QUARTERLY UT FORMULA
510000,10,2,1/1/2017,0,Quarterly,EMPLOYER QUARTERLY UT FORMULA
510000,10,2,1/1/2018,0,Quarterly,EMPLOYER QUARTERLY UT FORMULA
510000,10,2,1/1/2020,0,Quarterly,EMPLOYER QUARTERLY UT FORMULA
520000,10,2,1/1/2008,0,Quarterly,EMPLOYER QUARTERLY UT FORMULA
520000,10,2,1/1/2009,0,Quarterly,EMPLOYER QUARTERLY UT FORMULA
520000,10,2,1/1/2010,0,Quarterly,EMPLOYER QUARTERLY UT FORMULA
520000,10,2,1/1/2011,0,Quarterly,EMPLOYER QUARTERLY UT FORMULA
520000,10,2,1/1/2012,0,Quarterly,EMPLOYER QUARTERLY UT FORMULA
520000,10,2,1/1/2013,0,Quarterly,EMPLOYER QUARTERLY UT FORMULA
520000,10,2,1/1/2014,0,Quarterly,EMPLOYER QUARTERLY UT FORMULA
520000,10,2,1/1/2015,0,Quarterly,EMPLOYER QUARTERLY UT FORMULA
520000,10,2,1/1/2016,0,Quarterly,EMPLOYER QUARTERLY UT FORMULA
520000,10,2,1/1/2017,0,Quarterly,EMPLOYER QUARTERLY UT FORMULA
520000,10,2,1/1/2018,0,Quarterly,EMPLOYER QUARTERLY UT FORMULA
520000,10,2,1/1/2019,0,Quarterly,EMPLOYER QUARTERLY UT FORMULA
520000,10,2,1/1/2020,0,Quarterly,EMPLOYER QUARTERLY UT FORMULA
530000,10,2,1/1/2008,0,Quarterly,EMPLOYER QUARTERLY UT FORMULA
530000,10,2,1/1/2009,0,Quarterly,EMPLOYER QUARTERLY UT FORMULA
530000,10,2,1/1/2010,0,Quarterly,EMPLOYER QUARTERLY UT FORMULA
530000,10,2,1/1/2011,0,Quarterly,EMPLOYER QUARTERLY UT FORMULA
530000,10,2,1/1/2012,0,Quarterly,EMPLOYER QUARTERLY UT FORMULA
530000,10,2,1/1/2013,0,Quarterly,EMPLOYER QUARTERLY UT FORMULA
530000,10,2,1/1/2014,0,Quarterly,EMPLOYER QUARTERLY UT FORMULA
530000,10,2,1/1/2015,0,Quarterly,EMPLOYER QUARTERLY UT FORMULA
530000,10,2,1/1/2016,0,Quarterly,EMPLOYER QUARTERLY UT FORMULA
530000,10,2,1/1/2017,0,Quarterly,EMPLOYER QUARTERLY UT FORMULA
530000,10,2,1/1/2018,0,Quarterly,EMPLOYER QUARTERLY UT FORMULA
530000,10,2,1/1/2019,0,Quarterly,EMPLOYER QUARTERLY UT FORMULA
530000,10,2,1/1/2020,0,Quarterly,EMPLOYER QUARTERLY UT FORMULA
530000,39,2,1/1/2008,0,Quarterly,QRTLY EMPLOYMENT ADMIN FUND
530000,39,2,1/1/2009,0,Quarterly,QRTLY EMPLOYMENT ADMIN FUND
530000,39,2,1/1/2010,0,Quarterly,QRTLY EMPLOYMENT ADMIN FUND
530000,39,2,1/1/2011,0,Quarterly,QRTLY EMPLOYMENT ADMIN FUND
530000,39,2,1/1/2012,0,Quarterly,QRTLY EMPLOYMENT ADMIN FUND
530000,39,2,1/1/2013,0,Quarterly,QRTLY EMPLOYMENT ADMIN FUND
530000,39,2,1/1/2014,0,Quarterly,QRTLY EMPLOYMENT ADMIN FUND
530000,39,2,1/1/2015,0,Quarterly,QRTLY EMPLOYMENT ADMIN FUND
530000,39,2,1/1/2016,0,Quarterly,QRTLY EMPLOYMENT ADMIN FUND
530000,39,2,1/1/2017,0,Quarterly,QRTLY EMPLOYMENT ADMIN FUND
530000,39,2,1/1/2018,0,Quarterly,QRTLY EMPLOYMENT ADMIN FUND
530000,39,2,1/1/2019,0,Quarterly,QRTLY EMPLOYMENT ADMIN FUND
530000,39,2,1/1/2020,0,Quarterly,QRTLY EMPLOYMENT ADMIN FUND
540000,10,2,1/1/1981,0,Quarterly,EMPLOYER QUARTERLY UT FORMULA
540000,10,2,4/1/2009,0,Quarterly,EMPLOYER QUARTERLY UT FORMULA
540000,10,2,1/1/2013,0,Quarterly,EMPLOYER QUARTERLY UT FORMULA
550000,10,2,1/1/1986,0,Quarterly,EMPLOYER QUARTERLY UT FORMULA
550000,10,2,1/1/2009,0,Quarterly,EMPLOYER QUARTERLY UT FORMULA
550000,10,2,1/1/2011,0,Quarterly,EMPLOYER QUARTERLY UT FORMULA
550000,10,2,1/1/2013,0,Quarterly,EMPLOYER QUARTERLY UT FORMULA
560000,10,2,1/1/2008,0,Quarterly,EMPLOYER QUARTERLY UT FORMULA
560000,10,2,1/1/2009,0,Quarterly,EMPLOYER QUARTERLY UT FORMULA
560000,10,2,1/1/2010,0,Quarterly,EMPLOYER QUARTERLY UT FORMULA
560000,10,2,1/1/2011,0,Quarterly,EMPLOYER QUARTERLY UT FORMULA
560000,10,2,1/1/2012,0,Quarterly,EMPLOYER QUARTERLY UT FORMULA
560000,10,2,1/1/2013,0,Quarterly,EMPLOYER QUARTERLY UT FORMULA
560000,10,2,1/1/2014,0,Quarterly,EMPLOYER QUARTERLY UT FORMULA
560000,10,2,1/1/2015,0,Quarterly,EMPLOYER QUARTERLY UT FORMULA
560000,10,2,1/1/2016,0,Quarterly,EMPLOYER QUARTERLY UT FORMULA
560000,10,2,1/1/2017,0,Quarterly,EMPLOYER QUARTERLY UT FORMULA
560000,10,2,1/1/2018,0,Quarterly,EMPLOYER QUARTERLY UT FORMULA
560000,10,2,1/1/2019,0,Quarterly,EMPLOYER QUARTERLY UT FORMULA
560000,10,2,1/1/2020,0,Quarterly,EMPLOYER QUARTERLY UT FORMULA
